INLINE ItemTable,Name,Description,Use Desc,ID,Type,ItemAbility,Stat Boosts,Effectiveness,Uses,Mt,Hit/Def,Wt,Crit/Res,Range,Price Per Use,Weapon Level,Icon,Use Effect,Weapon Effect,Weapon EXP,Debuff Type,IER Byte,Item Skill
Nothing,0x0,0x0,0x0,0x0,0x0,0x0,0x0,0x0,0,0,0,0,0,0x0,0,NoRank,0x0,0x0,NoEffect,0,0x0,0x0,0x0
Iron Sword,IronSwordName,0x404,0x0,0x1,Sword,IsWeapon,0x0,0x0,40,6,100,5,0,0x11,10,ERank,IronSwordIcon,0x0,NoEffect,1,0x0,0x0,0x0
Steel Sword,SteelSwordName,0x405,0x0,0x2,Sword,IsWeapon,0x0,0x0,30,10,90,8,0,0x11,20,DRank,SteelSwordIcon,0x0,NoEffect,1,0x0,0x0,0x0
Silver Sword,SilverSwordName,0x406,0x0,0x3,Sword,IsWeapon,0x0,0x0,20,14,80,11,0,0x11,65,BRank,SilverSwordIcon,0x0,NoEffect,1,0x0,0x0,0x0
Brave Sword,BraveSwordName,BraveDesc,0x0,0x4,Sword,IsWeapon|IsBrave,0x0,0x0,30,10,90,13,0,0x11,125,ARank,BraveSwordIcon,0x0,NoEffect,1,0x0,0x0,0x0
Killing Edge,KillingEdgeName,KillerDesc,0x0,0x5,Sword,IsWeapon,0x0,0x0,20,9,85,8,20,0x11,65,CRank,KillingEdgeIcon,0x0,NoEffect,1,0x0,0x0,CritUpID
Magebane,0x359,0x409,0x0,0x6,Sword,IsWeapon,0x0,0x0,20,7,90,6,0,0x11,1,DRank,0x5,0x0,NoEffect,1,0x0,0x0,0x0
Light Brand,0x35a,0x40a,0x0,0x7,Sword,IsWeapon|MagicDamage,0x0,0x0,25,4,85,5,0,0x12,1,DRank,0x6,0x0,NoEffect,1,0x0,0x0,0x0
Shadowblade,0x35b,0x40b,0x0,0x8,Sword,IsWeapon|MagicDamage,0x0,0x0,25,7,80,7,0,0x12,1,CRank,0x7,0x0,NoEffect,1,0x0,0x0,0x0
Lancereaver,Lancereaver,0x40c,0x0,0x9,Sword,IsWeapon|ReverseTriangle,0x0,0x0,25,10,75,10,0,0x11,1,CRank,0x8,0x0,NoEffect,1,0x0,0x0,0x0
Shamshir,0x403,0x4ab,0x0,0xa,Sword,IsWeapon|SwordmasterLock,0x0,0x0,25,12,100,7,0,0x11,1,BRank,0x9,0x0,NoEffect,1,0x0,0x0,0x0
Iron Blade,IronBladeName,BladeDesc,0x0,0xb,Sword,IsWeapon,0x0,0x0,35,9,80,10,0,0x11,15,ERank,IronBladeIcon,0x0,NoEffect,1,0x0,0x0,0x0
Steel Blade,SteelBladeName,BladeDesc,0x0,0xc,Sword,IsWeapon,0x0,0x0,25,13,70,12,0,0x11,30,DRank,SteelBladeIcon,0x0,NoEffect,1,0x0,0x0,0x0
Silver Blade,SilverBladeName,BladeDesc,0x0,0xd,Sword,IsWeapon,0x0,0x0,15,17,60,14,0,0x11,90,BRank,SilverBladeIcon,0x0,NoEffect,1,0x0,0x0,0x0
Longsword,LongswordName,HorseEffectiveDesc,0x0,0xe,Sword,IsWeapon,0x0,0x0,20,9,90,7,0,0x11,40,DRank,LongswordIcon,0x0,NoEffect,1,0x0,0x0,0x0
Armorslayer,ArmorSlayerName,ArmorEffectiveDesc,0x0,0xf,Sword,IsWeapon,0x0,0x0,20,9,90,7,0,0x11,40,DRank,ArmorslayerIcon,0x0,NoEffect,1,0x0,0x0,0x0
Astra Sword,0x362,0x412,0x0,0x10,Sword,IsWeapon,0x0,0x0,40,5,110,11,0,0x11,1,ARank,0xf,0x0,NoEffect,1,0x0,0x0,0x0
Luna Sword,0x363,0x413,0x0,0x11,Sword,IsWeapon,0x0,0x0,20,10,90,8,0,0x11,1,BRank,0x10,0x0,NoEffect,1,0x0,0x0,0x0
Knight sword,0x364,0x414,0x0,0x12,Sword,IsWeapon,0x0,0x0,30,0,0,0,0,0x11,1,CRank,0x11,0x0,NoEffect,1,0x0,0x0,0x0
Man Sword,0x365,0x415,0x0,0x13,Sword,IsWeapon,0x0,0x0,40,0,0,0,0,0x11,1,ERank,0x12,0x0,NoEffect,1,0x0,0x0,0x0
Rapier,RapierName,RapierDesc,0x0,0x14,Sword,IsWeapon,0x0,0x0,25,6,105,5,0,0x11,50,CRank,RapierIcon,0x0,NoEffect,1,0x0,0x0,0x0
Swiftblade,SwiftbladeName,SwiftbladeDesc,0x0,0x15,Sword,IsWeapon,0x0,0x0,25,5,90,6,0,0x11,40,DRank,0x0,0x0,NoEffect,1,0x0,0x0,DesperationID
Free,0x36b,0x41b,0x0,0x16,Sword,IsWeapon,0x0,0x0,1,0,0,0,0,0x11,0,DRank,0x15,0x0,NoEffect,1,0x0,0x0,0x0
Iron Lance,IronLanceName,0x404,0x0,0x17,Lance,IsWeapon,0x0,0x0,40,8,90,7,0,0x11,10,ERank,IronLanceIcon,0x0,NoEffect,1,0x0,0x0,ChargeID
Steel Lance,SteelLanceName,0x404,0x0,0x18,Lance,IsWeapon,0x0,0x0,30,12,80,10,0,0x11,20,DRank,SteelLanceIcon,0x0,NoEffect,1,0x0,0x0,0x0
Silver Lance,SilverLanceName,0x404,0x0,0x19,Lance,IsWeapon,0x0,0x0,20,16,70,13,0,0x11,65,BRank,SilverLanceIcon,0x0,NoEffect,1,0x0,0x0,0x0
Brave Lance,BraveLanceName,BraveDesc,0x0,0x1a,Lance,IsWeapon|IsBrave,0x0,0x0,30,12,80,15,0,0x11,125,ARank,BraveLanceIcon,0x0,NoEffect,1,0x0,0x0,0x0
Killer Lance,KillerLanceName,KillerDesc,0x0,0x1b,Lance,IsWeapon,0x0,0x0,20,11,75,10,20,0x11,65,CRank,KillerLanceIcon,0x0,NoEffect,1,0x0,0x0,CritUpID
Javelin,JavelinName,0x421,0x0,0x1c,Lance,IsWeapon,0x0,0x0,20,5,75,9,0,0x12,25,DRank,JavelinIcon,0x0,NoEffect,1,0x0,0x0,0x0
Spear,SpearName,0x422,0x0,0x1d,Lance,IsWeapon,0x0,0x0,20,9,65,12,0,0x12,55,BRank,SpearIcon,0x0,NoEffect,1,0x0,0x0,0x0
Greatlance,GreatlanceName,GreatlanceDesc,0x0,0x1e,Lance,IsWeapon,0x0,0x0,15,8,110,8,0,0x11,40,DRank,GreatlanceIcon,0x0,NoEffect,1,0x0,0x0,ChargeID
Knight Greatlance,0x37a,0x42a,0x0,0x1f,Lance,IsWeapon,0x0,0x0,15,12,100,11,0,0x11,90,BRank,KnightGreatlance,0x0,NoEffect,1,0x0,0x0,0x0
Axereaver,AxereaverName,ReaverDesc,0x0,0x20,Lance,IsWeapon|ReverseTriangle,0x0,0x0,1,0,0,0,0,0x11,0,CRank,0x1f,0x0,NoEffect,1,0x0,0x0,0x0
Partisan,0x37c,0x42c,0x0,0x21,Lance,IsWeapon,0x0,0x0,1,0,0,0,0,0x11,0,CRank,0x20,0x0,NoEffect,1,0x0,0x0,0x0
Flagpole,0x37d,0x42d,0x0,0x22,Lance,IsWeapon,0x0,0x0,20,3,90,6,0,0x11,20,DRank,0x21,0x0,NoEffect,1,0x0,0x0,CharmID
Iron Axe,IronAxeName,0x404,0x0,0x23,Axe,IsWeapon,0x0,0x0,40,10,80,10,0,0x11,10,ERank,IronAxeIcon,0x0,NoEffect,1,0x0,0x0,0x0
Steel Axe,SteelAxeName,0x404,0x0,0x24,Axe,IsWeapon,0x0,0x0,30,14,70,13,0,0x11,20,DRank,SteelAxeIcon,0x0,NoEffect,1,0x0,0x0,0x0
Silver Axe,SilverAxeName,0x404,0x0,0x25,Axe,IsWeapon,0x0,HorseEffectiveness|IsPointer,20,18,60,16,0,0x11,65,BRank,SilverAxeIcon,0x0,NoEffect,1,0x0,0x0,0x0
Brave Axe,BraveAxeName,BraveDesc,0x0,0x26,Axe,IsWeapon|IsBrave,0x0,ArmorEffectiveness|IsPointer,30,14,70,18,0,0x11,125,ARank,BraveAxeIcon,0x0,NoEffect,1,0x0,0x0,0x0
Killer Axe,KillerAxeName,KillerDesc,0x0,0x27,Axe,IsWeapon,0x0,0x0,20,13,75,13,20,0x11,65,CRank,KillerAxeIcon,0x0,NoEffect,1,0x0,0x0,CritUpID
Hand Axe,HandAxeName,0x433,0x0,0x28,Axe,IsWeapon,0x0,0x0,20,6,65,12,0,0x12,25,DRank,HandaxeIcon,0x0,NoEffect,1,0x0,0x0,0x0
Tomahawk,TomahawkName,0x434,0x0,0x29,Axe,IsWeapon,0x0,0x0,20,10,55,15,0,0x12,55,BRank,TomahawkIcon,0x0,NoEffect,1,0x0,0x0,0x0
Hammer,HammerName,ArmorEffectiveDesc,0x0,0x2a,Axe,IsWeapon,0x0,ArmorEffectiveness|IsPointer,20,9,75,13,0,0x11,40,DRank,HammerIcon,0x0,NoEffect,1,0x0,0x0,0x0
Halberd,HalberdName,HorseEffectiveDesc,0x0,0x2b,Axe,IsWeapon,0x0,HorseEffectiveness|IsPointer,20,9,75,13,0,0x11,40,DRank,HalberdIcon,0x0,NoEffect,1,0x0,0x0,0x0
Swordreaver,SwordreaverName,ReaverDesc,0x0,0x2c,Axe,IsWeapon|ReverseTriangle,0x0,0x0,1,0,0,0,0,0x11,0,CRank,0xb9,0x0,NoEffect,1,0x0,0x0,0x0
Swordslayer,SwordslayerName,SwordslayerDesc,0x0,0x2d,Axe,IsWeapon|ReverseTriangle,0x0,SwordEffectiveness|IsPointer,1,0,0,0,0,0x11,0,DRank,0x2b,0x0,NoEffect,1,0x0,0x0,0x0
Iron Bow,IronBowName,0x404,0x0,0x2e,Bow,IsWeapon,0x0,FlierEffectiveness|IsPointer,40,7,85,5,0,0x22,10,ERank,IronBowIcon,0x0,NoEffect,1,0x0,0x0,0x0
Steel Bow,SteelBowName,0x404,0x0,0x2f,Bow,IsWeapon,0x0,FlierEffectiveness|IsPointer,30,11,75,8,0,0x22,20,DRank,SteelBowIcon,0x0,NoEffect,1,0x0,0x0,0x0
Silver Bow,SilverBowName,0x404,0x0,0x30,Bow,IsWeapon,0x0,FlierEffectiveness|IsPointer,20,15,65,11,0,0x22,65,BRank,SilverBowIcon,0x0,NoEffect,1,0x0,0x0,0x0
Brave Bow,BraveBowName,BraveDesc,0x0,0x31,Bow,IsWeapon|IsBrave,0x0,FlierEffectiveness|IsPointer,30,11,90,13,0,0x22,125,ARank,BraveBowIcon,0x0,NoEffect,1,0x0,0x0,0x0
Killer Bow,KillerBowName,KillerDesc,0x0,0x32,Bow,IsWeapon,0x0,FlierEffectiveness|IsPointer,20,12,85,8,20,0x22,65,CRank,KillerBowIcon,0x0,NoEffect,1,0x0,0x0,CritUpID
Longbow,LongBowName,0x441,0x0,0x33,Bow,IsWeapon,0x0,FlierEffectiveness|IsPointer,25,11,80,14,0,0x23,35,CRank,LongbowIcon,0x0,NoEffect,1,0x0,0x0,0x0
Greatbow,GreatBowName,0x442,0x0,0x34,Bow,IsWeapon,0x0,FlierEffectiveness|IsPointer,25,13,80,16,0,0x23,45,ARank,GreatbowIcon,0x0,NoEffect,1,0x0,0x0,0x0
Ballista,0x393,0x443,0x0,0x35,Bow,IsWeapon,0x0,FlierEffectiveness|IsPointer,5,12,70,30,0,0x3A,0,ERank,0x33,0x0,NoEffect,4,0x0,0x0,0x0
Iron Ballista,0x394,0x444,0x0,0x36,Bow,IsWeapon,0x0,FlierEffectiveness|IsPointer,5,16,70,30,0,0x3A,0,ERank,0x34,0x0,NoEffect,4,0x0,0x0,0x0
Killer Ballista,0x395,0x445,0x0,0x37,Bow,IsWeapon,0x0,FlierEffectiveness|IsPointer,5,20,70,30,0,0x3A,0,ERank,0x35,0x0,NoEffect,4,0x0,0x0,0x0
Hunting Bow,HuntingBowName,0x458,0x0,0x38,Bow,IsWeapon,0x0,FlierEffectiveness|IsPointer,30,9,90,6,10,0x22,1,ERank,HuntingBowIcon,0x0,NoEffect,1,0x0,0x0,0x0
Magic Bow,0x3aa,0x459,0x0,0x39,Bow,IsWeapon,0x0,FlierEffectiveness|IsPointer,20,10,90,7,5,0x22,1,DRank,0x37,0x0,NoEffect,1,0x0,0x0,0x0
Free,0x3ab,0x45a,0x0,0x3a,Bow,IsMagic,0x0,0x0,30,10,85,10,0,0x12,40,CRank,0x38,0x0,NoEffect,1,0x0,0x0,0x0
Free,0x3ad,0x45c,0x0,0x3b,Bow,IsMagic,0x0,0x0,5,12,60,20,0,0x3a,500,BRank,0x39,0x0,NoEffect,1,0x0,0x0,0x0
Fire,0x3a9,0x404,0x0,0x3c,Anima,IsWeapon|IsMagic,0x0,0x0,40,6,100,4,0,0x11,10,ERank,FireIcon,0x0,NoEffect,1,0x0,0x0,0x0
Thunder,0x3aa,0x404,0x0,0x3d,Anima,IsWeapon|IsMagic,0x0,0x0,30,10,90,7,0,0x11,20,DRank,ThunderIcon,0x0,NoEffect,1,0x0,0x0,0x0
Quake,QuakeName,0x404,0x0,0x3e,Anima,IsWeapon|IsMagic,0x0,0x0,20,14,80,10,0,0x11,65,BRank,FireIcon,0x0,NoEffect,1,0x0,0x0,0x0
Blue Bolt,BlueBoltName,0x404,0x0,0x3f,Anima,IsWeapon|IsBrave|IsMagic,0x0,0x0,30,10,85,11,0,0x11,18,ARank,BoltingIcon,0x0,NoEffect,1,0x0,0x0,0x0
Shaver,ShaverName,0x404,0x0,0x40,Anima,IsWeapon|IsMagic,0x0,FlierEffectiveness|IsPointer,30,8,90,5,0,0x11,30,CRank,ShaverIcon,0x0,NoEffect,1,0x0,0x0,0x0
Raze,RazeName,0x404,0x0,0x41,Anima,IsWeapon|IsMagic,0x0,0x0,20,5,100,0,0,0x11,100,NoRank,RazeIcon,0x0,NoEffect,1,0x0,0x0,0x0
Frostbite,FrostbiteName,0x404,0x0,0x42,Anima,IsWeapon|IsMagic,0x0,0x0,0,0,0,0,0,0x3a,600,NoRank,0x0,0x0,NoEffect,1,0x0,0x0,0x0
Air Shot,AirShotName,0x404,0x0,0x43,Anima,IsWeapon|IsMagic,0x0,0x0,20,6,85,6,0,0x12,400,NoRank,0x0,0x0,NoEffect,1,0x0,0x0,0x0
Far Frost,FarFrostName,0x404,0x0,0x44,Anima,IsWeapon|IsMagic,0x0,0x0,30,9,90,1,0,0x11,12,DRank,0x0,0x0,NoEffect,1,0x0,0x0,0x0
Bolting,0x3ad,0x465,0x0,0x45,Anima,IsWeapon|IsMagic,0x0,0x0,25,10,80,3,0,0x11,20,CRank,0x0,0x0,NoEffect,1,0x0,0x0,0x0
Free,0x403,0x466,0x0,0x46,Anima,IsMagic,0x0,0x0,30,6,100,2,0,0x11,140,ERank,0x0,0x0,NoEffect,1,0x0,0x0,0x0
Free,0x403,0x467,0x0,0x47,Anima,IsMagic,0x0,0x0,20,9,80,4,0,0x11,160,BRank,0x0,0x0,NoEffect,1,0x0,0x0,0x0
Free,0x403,0x468,0x0,0x48,Anima,IsMagic,0x0,0x0,15,13,75,7,0,0x3a,800,ARank,0x0,0x0,NoEffect,1,0x0,0x0,0x0
Free,0x403,0x469,0x0,0x49,Anima,IsMagic,0x0,0x0,20,6,80,5,0,0x12,450,DRank,0x47,0x0,NoEffect,1,0x0,0x0,0x0
Free,0x403,0x46a,0x0,0x4a,Anima,IsMagic,0x0,0x0,30,23,80,20,0,0x12,0,SRank,0xbc,0x0,NoEffect,3,0x0,0x0,0x0
Heal,0x3c2,HealDesc,0x4af,0x4b,0x4,IsStaff,0x0,0x0,30,0,100,2,0,0x11,20,ERank,0x49,0x1,NoEffect,2,0x0,0x0,0x0
Mend,0x3c3,MendDesc,0x4b0,0x4c,0x4,IsStaff,0x0,0x0,20,0,100,4,0,0x11,50,DRank,0x4a,0x2,NoEffect,3,0x0,0x0,0x0
Recover,0x3c4,RecoverDesc,0x4b1,0x4d,0x4,IsStaff,0x0,0x0,15,0,100,6,0,0x11,150,CRank,0x4b,0x3,NoEffect,3,0x0,0x0,0x0
Physic,0x3c5,PhysicDesc,0x4b2,0x4e,0x4,IsStaff,0x0,0x0,15,0,100,5,0,0x10,250,BRank,0x4c,0x4,NoEffect,3,0x0,0x0,0x0
Fortify,0x3c6,FortifyDesc,0x4b3,0x4f,0x4,IsStaff,0x0,0x0,8,0,100,7,0,0x10,1000,ARank,0x4d,0x5,NoEffect,5,0x0,0x0,0x0
Restore,0x3c7,0x476,0x4b4,0x50,0x4,IsStaff,0x0,0x0,10,0,100,4,0,0x11,200,CRank,0x4e,0x6,NoEffect,3,0x0,0x0,0x0
Silence,0x3c8,0x477,0x4b5,0x51,0x4,IsStaff,0x0,0x0,3,0,70,7,0,0x10,400,BRank,0x4f,0x7,NoEffect,5,0x0,"ItemStatus(SilenceStatusID,5)",0x0
Sleep,0x3c9,0x478,0x4b6,0x52,0x4,IsStaff,0x0,0x0,3,0,65,8,0,0x10,500,BRank,0x50,0x8,NoEffect,5,0x0,"ItemStatus(SleepStatusID,5)",0x0
Berserk,0x3ca,0x479,0x4b7,0x53,0x4,IsStaff,0x0,0x0,3,0,60,8,0,0x10,600,BRank,0x51,0x9,NoEffect,5,0x0,"ItemStatus(BerserkStatusID,5)",0x0
Warp,0x3cb,0x47a,0x4b8,0x54,0x4,IsStaff,0x0,0x0,5,0,100,5,0,0x11,1500,ARank,0x52,0xa,NoEffect,7,0x0,0x0,0x0
Rescue,0x3cc,0x47b,0x4b9,0x55,0x4,IsStaff,0x0,0x0,3,0,100,6,0,0x10,600,BRank,0x53,0xb,NoEffect,7,0x0,0x0,0x0
Torch,0x3cd,0x47c,0x4ba,0x56,0x4,IsStaff,0x0,0x0,10,0,100,5,0,0x10,100,DRank,0x54,0xc,NoEffect,5,0x0,0x0,0x0
Hammerne,0x3ce,0x47d,0x4bb,0x57,0x4,IsStaff|CannotRepair,0x0,0x0,3,0,100,7,0,0x11,600,CRank,0x55,0xd,NoEffect,8,0x0,0x0,0x0
Unlock,0x3cf,0x47e,0x4bc,0x58,0x4,IsStaff,0x0,0x0,10,0,100,7,0,0x12,150,DRank,0x56,0xe,NoEffect,5,0x0,0x0,0x0
Barrier,0x3d0,0x47f,0x4bd,0x59,0x4,IsStaff,0x0,0x0,15,0,100,4,0,0x11,150,CRank,0x57,0xf,NoEffect,4,0x0,0x0,0x0
Dragon Axe,0x387,0x437,0x0,0x5a,0x2,IsWeapon,0x0,DragonEffectiveness|IsPointer,30,12,60,11,0,0x11,150,CRank,0x58,0x0,NoEffect,1,0x0,0x0,0x0
Angelic Robe,0x3d4,0x483,0x4c1,0x5b,0x9,0x0,0x88aeedc,0x0,1,0,0,0,0,0x11,8000,NoRank,0x59,0x10,NoEffect,0,0x0,0x0,0x0
Energy Ring,0x3d5,0x484,0x4c2,0x5c,0x9,0x0,0x88aeee8,0x0,1,0,0,0,0,0x11,8000,NoRank,0x5a,0x11,NoEffect,0,0x0,0x0,0x0
Secret Book,0x3d6,0x485,0x4c3,0x5d,0x9,0x0,0x88aeef4,0x0,1,0,0,0,0,0x11,8000,NoRank,0x5b,0x12,NoEffect,0,0x0,0x0,0x0
Speedwings,0x3d7,0x486,0x4c4,0x5e,0x9,0x0,0x88aef00,0x0,1,0,0,0,0,0x11,8000,NoRank,0x5c,0x13,NoEffect,0,0x0,0x0,0x0
Goddess Icon,0x3d8,0x487,0x4c5,0x5f,0x9,0x0,0x88aef0c,0x0,1,0,0,0,0,0x11,8000,NoRank,0x5d,0x14,NoEffect,0,0x0,0x0,0x0
Dragonshield,0x3d9,0x488,0x4c6,0x60,0x9,0x0,0x88aef18,0x0,1,0,0,0,0,0x11,8000,NoRank,0x5e,0x15,NoEffect,0,0x0,0x0,0x0
Talisman,0x3da,0x489,0x4c7,0x61,0x9,0x0,0x88aef24,0x0,1,0,0,0,0,0x11,8000,NoRank,0x5f,0x16,NoEffect,0,0x0,0x0,0x0
Swiftsoles,0x3db,0x48a,0x4c8,0x62,0x9,0x0,0x88aef30,0x0,1,0,0,0,0,0x11,8000,NoRank,0x60,0x17,NoEffect,0,0x0,0x0,0x0
Body Ring,0x3dc,0x48b,0x4c9,0x63,0x9,0x0,0x88aef3c,0x0,1,0,0,0,0,0x11,8000,NoRank,0x61,0x18,NoEffect,0,0x0,0x0,0x0
Hero Crest,0x3dd,0x48c,0x4ca,0x64,0x9,0x0,0x0,0x0,1,0,0,0,0,0x11,10000,NoRank,0x62,0x19,NoEffect,0,0x0,0x0,0x0
Knight Crest,0x3de,0x48d,0x4cb,0x65,0x9,0x0,0x0,0x0,1,0,0,0,0,0x11,10000,NoRank,0x63,0x1a,NoEffect,0,0x0,0x0,0x0
Orion's Bolt,0x3df,0x48e,0x4cc,0x66,0x9,0x0,0x0,0x0,1,0,0,0,0,0x11,10000,NoRank,0x64,0x1b,NoEffect,0,0x0,0x0,0x0
Elysian Whip,0x3e0,0x48f,0x4cd,0x67,0x9,0x0,0x0,0x0,1,0,0,0,0,0x11,10000,NoRank,0x65,0x1c,NoEffect,0,0x0,0x0,0x0
Guiding Ring,0x3e1,0x490,0x4ce,0x68,0x9,0x0,0x0,0x0,1,0,0,0,0,0x11,10000,NoRank,0x66,0x1d,NoEffect,0,0x0,0x0,0x0
Chest Key,0x3e2,0x491,0x4cf,0x69,0x9,0x0,0x0,0x0,1,0,0,0,0,0x11,300,NoRank,0x67,0x1e,NoEffect,0,0x0,0x0,0x0
Door Key,0x3e3,0x492,0x4d0,0x6a,0x9,0x0,0x0,0x0,1,0,0,0,0,0x11,50,NoRank,0x68,0x1f,NoEffect,0,0x0,0x0,0x0
Lockpick,0x3e4,0x493,0x4d1,0x6b,0x9,0x0,0x0,0x0,15,0,0,0,0,0x11,80,NoRank,0x69,0x20,NoEffect,0,0x0,0x0,0x0
Vulnerary,0x3e5,0x494,0x4d2,0x6c,0x9,0x0,0x0,0x0,3,0,0,0,0,0x11,100,NoRank,0x6a,0x21,NoEffect,0,0x0,0x0,0x0
Elixir,0x3e6,0x495,0x4d3,0x6d,0x9,0x0,0x0,0x0,3,0,0,0,0,0x11,1000,NoRank,0x6b,0x22,NoEffect,0,0x0,0x0,0x0
Pure Water,0x3e7,0x496,0x4d4,0x6e,0x9,0x0,0x0,0x0,3,0,0,0,0,0x11,300,NoRank,0x6c,0x23,NoEffect,0,0x0,0x0,0x0
Antitoxin,0x3e8,0x497,0x4d5,0x6f,0x9,0x0,0x0,0x0,3,0,0,0,0,0x11,150,NoRank,0x6d,0x24,NoEffect,0,0x0,0x0,0x0
Torch,0x3e9,0x498,0x4d6,0x70,0x9,0x0,0x0,0x0,5,0,0,0,0,0x11,100,NoRank,0x6e,0x25,NoEffect,0,0x0,0x0,0x0
Filli Shield,0x3ea,0x499,0x4d7,0x71,0x9,Indestructible|NegateFlyingEffectiveness,0x0,0x0,0,0,0,0,0,0x11,10000,NoRank,0xda,0x0,NoEffect,0,0x0,0x0,0x0
Member Card,0x3eb,0x49a,0x4d8,0x72,0x9,0x0,0x0,0x0,1,0,0,0,0,0x11,6000,NoRank,0x84,0x0,NoEffect,0,0x0,0x0,0x0
Silver Card,0x3ec,0x49b,0x4d9,0x73,0x9,0x0,0x0,0x0,1,0,0,0,0,0x11,4000,NoRank,0x85,0x0,NoEffect,0,0x0,0x0,0x0
White Gem,0x3ef,0x49e,0x0,0x74,0x9,0x0,0x0,0x0,1,0,0,0,0,0x11,20000,NoRank,0x86,0x0,NoEffect,0,0x0,0x0,0x0
Blue Gem,0x3f0,0x49f,0x0,0x75,0x9,0x0,0x0,0x0,1,0,0,0,0,0x11,10000,NoRank,0x87,0x0,NoEffect,0,0x0,0x0,0x0
Red Gem,0x3f1,0x4a0,0x0,0x76,0x9,0x0,0x0,0x0,1,0,0,0,0,0x11,5000,NoRank,0x88,0x0,NoEffect,0,0x0,0x0,0x0
Gold,0x3f2,0x4a1,0x4da,0x77,0x9,0x0,0x0,0x0,1,0,0,0,0,0x11,0,NoRank,0x89,0x0,NoEffect,0,0x0,0x0,0x0
Reginleif,0x374,0x424,0x0,0x78,0x1,IsWeapon|Unsellable|EphraimLock,0x0,LordWeaponEffectiveness|IsPointer,45,10,80,8,10,0x11,160,NoRank,0xb3,0x0,NoEffect,2,0x0,0x0,0x0
Chest Key (5),0x3e2,0x491,0x4cf,0x79,0x9,0x0,0x0,0x0,5,0,0,0,0,0x11,300,NoRank,0x67,0x26,NoEffect,0,0x0,0x0,0x0
Mine (DUMMY),0x403,0x4ab,0x0,0x7a,0x9,0x0,0x0,0x0,1,0,0,0,0,0x11,500,NoRank,0x8c,0x27,NoEffect,0,0x0,0x0,0x0
Light Rune (DUMMY),0x403,0x4ab,0x0,0x7b,0x9,0x0,0x0,0x0,1,0,0,0,0,0x11,800,NoRank,0x8d,0x28,NoEffect,0,0x0,0x0,0x0
Hoplon Guard,0x3f3,0x4a4,0x4dd,0x7c,0x9,Indestructible|NegateCriticals,0x0,0x0,0,0,0,0,0,0x11,5000,NoRank,0xdb,0x0,NoEffect,0,0x0,0x0,0x0
Filla's Might (DUMMY),0x403,0x4ab,0x0,0x7d,0xc,CannotRepair,0x0,0x0,15,0,0,0,0,0x11,0,NoRank,0x8f,0x29,NoEffect,0,0x0,"ItemStatus(AtkRingStatusID,1)",0x0
Ninis's Grace (DUMMY),0x403,0x4ab,0x0,0x7e,0xc,CannotRepair,0x0,0x0,15,0,0,0,0,0x11,0,NoRank,0x90,0x2a,NoEffect,0,0x0,"ItemStatus(DefRingStatusID,1)",0x0
Thor's Ire (DUMMY),0x403,0x4ab,0x0,0x7f,0xc,CannotRepair,0x0,0x0,15,0,0,0,0,0x11,0,NoRank,0x91,0x2b,NoEffect,0,0x0,"ItemStatus(CritRingStatusID,1)",0x0
Set's Litany (DUMMY),0x403,0x4ab,0x0,0x80,0xc,CannotRepair,0x0,0x0,15,0,0,0,0,0x11,0,NoRank,0x92,0x2c,NoEffect,0,0x0,"ItemStatus(AvoRingStatusID,1)",0x0
Shadowkiller,0x3a4,0x454,0x0,0x81,0x0,IsWeapon,0x0,MonsterEffectiveness|IsPointer,60,5,90,5,0,0x11,0,ERank,0x93,0x0,NoEffect,1,0x0,0x0,0x0
Bright Lance,0x3a5,0x455,0x0,0x82,0x1,IsWeapon,0x0,MonsterEffectiveness|IsPointer,60,7,80,8,0,0x11,0,ERank,0x94,0x0,NoEffect,1,0x0,0x0,0x0
Fiendcleaver,0x3a6,0x456,0x0,0x83,0x2,IsWeapon,0x0,MonsterEffectiveness|IsPointer,60,8,75,10,0,0x11,0,ERank,0x95,0x0,NoEffect,1,0x0,0x0,0x0
Beacon Bow,0x3a7,0x457,0x0,0x84,0x3,IsWeapon,0x0,FlierAndMonster1|IsPointer,60,6,85,5,0,0x22,0,ERank,0x96,0x0,NoEffect,1,0x0,0x0,0x0
Sieglinde,0x366,0x416,0x0,0x85,0x0,IsWeapon|Unsellable|EirikaLock,0x88aef48,SacredWeaponEffectiveness|IsPointer,30,16,90,9,0,0x11,0,NoRank,0xb0,0x0,NoEffect,1,0x0,0x0,0x0
Battle Axe,0x388,0x439,0x0,0x86,0x2,IsWeapon,0x0,0x0,20,13,60,15,0,0x11,50,BRank,0xb8,0x0,NoEffect,1,0x0,0x0,0x0
Ivaldi,0x3b5,0x464,0x0,0x87,0x6,IsWeapon|IsMagic|Unsellable,0x88aef54,SacredWeaponEffectiveness|IsPointer,30,17,90,10,0,0x12,0,SRank,0xbb,0x0,NoEffect,1,0x0,0x0,0x0
Master Seal,0x3f4,0x4a5,0x4de,0x88,0x9,0x0,0x0,0x0,1,0,0,0,0,0x11,20000,NoRank,0xd9,0x2d,NoEffect,0,0x0,0x0,0x0
Metis's Tome,0x3f5,0x4a6,0x4df,0x89,0x9,0x0,0x0,0x0,1,0,0,0,0,0x11,0,NoRank,0xdc,0x2e,NoEffect,0,0x0,0x0,0x0
Heaven Seal (DUMMY),0x403,0x4ab,0x0,0x8a,0x9,0x0,0x0,0x0,1,0,0,0,0,0x11,20000,NoRank,0x9c,0x2f,NoEffect,0,0x0,0x0,0x0
Sharp Claw,0x39d,0x44d,0x0,0x8b,0xb,IsWeapon|Indestructible|MonsterWeapon,0x0,0x0,0,14,65,14,0,0x11,0,NoRank,0xd0,0x0,NoEffect,0,0x0,0x0,0x0
Latona,0x3d1,0x480,0x4be,0x8c,0x4,IsStaff|Unsellable,0x0,0x0,3,0,100,5,0,0xff,0,SRank,0xc3,0x37,NoEffect,1,0x0,0x0,0x0
Dragonspear,0x377,0x427,0x0,0x8d,0x1,IsWeapon,0x0,DragonEffectiveness|IsPointer,30,10,70,8,0,0x11,150,CRank,0xb6,0x0,NoEffect,1,0x0,0x0,0x0
Vidofnir,0x376,0x426,0x0,0x8e,0x1,IsWeapon|Unsellable,0x88aef60,SacredWeaponEffectiveness|IsPointer,30,15,85,11,0,0x11,0,SRank,0xb5,0x0,NoEffect,1,0x0,0x0,0x0
Naglfar,0x3bc,0x46b,0x0,0x8f,0x7,IsWeapon|IsMagic|Indestructible,0x0,0x0,0,25,95,18,0,0x12,0,SRank,0xbd,0x0,NoEffect,1,0x0,0x0,0x0
Wretched Air,0x397,0x447,0x4ac,0x90,0xb,IsWeapon|Indestructible|MonsterWeapon|NegateDef,0x88aef6c,0x0,0,10,100,0,0,0x12,0,ARank,0x79,0x0,NoEffect,0,0x0,0x0,0x0
Audhulma,0x367,0x417,0x0,0x91,0x0,IsWeapon|Unsellable,0x88aef78,SacredWeaponEffectiveness|IsPointer,30,18,85,9,0,0x11,0,SRank,0xb1,0x0,NoEffect,1,0x0,0x0,0x0
Siegmund,0x375,0x425,0x0,0x92,0x1,IsWeapon|Unsellable|EphraimLock,0x88aef84,SacredWeaponEffectiveness|IsPointer,30,17,80,11,0,0x11,0,NoRank,0xb4,0x0,NoEffect,1,0x0,0x0,0x0
Garm,0x389,0x438,0x0,0x93,0x2,IsWeapon|Unsellable,0x88aef90,SacredWeaponEffectiveness|IsPointer,30,20,75,13,0,0x11,0,SRank,0xb7,0x0,NoEffect,1,0x0,0x0,0x0
Nidhogg,0x396,0x446,0x0,0x94,0x3,IsWeapon|Unsellable,0x88aef9c,FlierAndMonster2|IsPointer,30,18,80,7,0,0x22,0,SRank,0xba,0x0,NoEffect,1,0x0,0x0,0x0
Heavy Lance,0x378,0x428,0x0,0x95,0x1,IsWeapon,0x0,ArmorEffectiveness|IsPointer,16,9,70,14,0,0x11,75,DRank,0xa7,0x0,NoEffect,1,0x0,0x0,0x0
Free,0x379,0x429,0x0,0x96,0x1,0x0,0x0,0x0,18,9,60,12,0,0x12,50,CRank,0xa8,0x0,NoEffect,1,0x0,0x0,0x0
Ocean Seal,0x3f6,0x4a7,0x4e0,0x97,0x9,0x0,0x0,0x0,1,0,0,0,0,0x11,10000,NoRank,0xa9,0x30,NoEffect,0,0x0,0x0,0x0
Lunar Brace,0x3f7,0x4a8,0x4e1,0x98,0x9,Unsellable,0x0,0x0,1,0,0,0,0,0x11,0,NoRank,0xd8,0x31,NoEffect,0,0x0,0x0,0x0
Solar Brace,0x3f8,0x4a9,0x4e2,0x99,0x9,Unsellable,0x0,0x0,1,0,0,0,0,0x11,0,NoRank,0xd7,0x32,NoEffect,0,0x0,0x0,0x0
1G,0x3f9,0x4a1,0x4da,0x9a,0x9,0x0,0x0,0x0,1,0,0,0,0,0x11,1,NoRank,0x89,0x0,NoEffect,0,0x0,0x0,0x0
5G,0x3fa,0x4a1,0x4da,0x9b,0x9,0x0,0x0,0x0,1,0,0,0,0,0x11,5,NoRank,0x89,0x0,NoEffect,0,0x0,0x0,0x0
10G,0x3fb,0x4a1,0x4da,0x9c,0x9,0x0,0x0,0x0,1,0,0,0,0,0x11,10,NoRank,0x89,0x0,NoEffect,0,0x0,0x0,0x0
50G,0x3fc,0x4a1,0x4da,0x9d,0x9,0x0,0x0,0x0,1,0,0,0,0,0x11,50,NoRank,0x89,0x0,NoEffect,0,0x0,0x0,0x0
100G,0x3fd,0x4a1,0x4da,0x9e,0x9,0x0,0x0,0x0,1,0,0,0,0,0x11,100,NoRank,0x89,0x0,NoEffect,0,0x0,0x0,0x0
3000G,0x400,0x4a1,0x4da,0x9f,0x9,0x0,0x0,0x0,1,0,0,0,0,0x11,3000,NoRank,0x89,0x0,NoEffect,0,0x0,0x0,0x0
5000G,0x401,0x4a1,0x4da,0xa0,0x9,0x0,0x0,0x0,1,0,0,0,0,0x11,5000,NoRank,0x89,0x0,NoEffect,0,0x0,0x0,0x0
Wind Sword,0x368,0x418,0x0,0xa1,0x0,IsWeapon|MagicDamage,0x0,FlierEffectiveness|IsPointer,40,9,70,9,0,0x12,200,BRank,0xaa,0x0,NoEffect,1,0x0,0x0,0x0
Vulnerary,0x3e5,0x494,0x4d2,0xa2,0x9,0x0,0x0,0x0,60,0,0,0,0,0x11,100,NoRank,0x6a,0x33,NoEffect,0,0x0,0x0,0x0
Vulnerary (green note),0x3e5,0x494,0x4d2,0xa3,0x9,0x0,0x0,0x0,60,0,0,0,0,0x11,100,NoRank,0xab,0x34,NoEffect,0,0x0,0x0,0x0
Vulnerary (red note),0x3e5,0x494,0x4d2,0xa4,0x9,0x0,0x0,0x0,60,0,0,0,0,0x11,100,NoRank,0xac,0x35,NoEffect,0,0x0,0x0,0x0
Dance,0x3d2,0x481,0x4bf,0xa5,0xc,0x0,0x0,0x0,0,0,0,0,0,0x11,0,NoRank,0x0,0x0,NoEffect,0,0x0,0x0,0x0
Nightmare,0x39c,0x44c,0x0,0xa6,0x4,IsStaff,0x88aefa8,0x0,1,0,70,8,0,0x13,0,NoRank,0xc7,0x35,NoEffect,0,0x0,"ItemStatus(SleepStatusID,5)",0x0
Demon Stone (DUMMY),0x399,0x449,0x4ae,0xa7,0xb,IsWeapon|Indestructible|MonsterWeapon,0x0,0x0,0,10,65,0,0,0x11,0,NoRank,0x88,0x0,NoEffect,0,0x0,0x0,0x0
Demon Light,0x39a,0x44a,0x0,0xa8,0xb,IsWeapon|Indestructible|MonsterWeapon,0x88aefb4,0x0,0,15,60,0,0,0x13,0,NoRank,0xc5,0x0,NoEffect,0,0x0,0x0,0x0
Ravager,0x39b,0x44b,0x0,0xa9,0xb,IsWeapon|Indestructible|MonsterWeapon,0x88aefc0,0x0,0,15,85,0,10,0x11,0,NoRank,0xc6,0x0,NoEffect,0,0x0,0x0,0x0
Dragonstone,0x398,0x448,0x4ad,0xaa,0xb,IsWeapon|IsMagic|Indestructible|MonsterWeapon,0x88aefcc,MonsterEffectiveness|IsPointer,50,16,100,0,15,0x11,0,NoRank,0xc4,0x0,NoEffect,0,0x0,0x0,0x0
Demon Surge,0x3c0,0x46f,0x0,0xab,0x7,IsWeapon|IsMagic|Unsellable,0x0,0x0,0,11,80,10,0,0x12,0,NoRank,0xc1,0x0,NoEffect,0,0x0,0x0,0x0
Shadowshot,0x3c1,0x470,0x0,0xac,0x7,IsWeapon|IsMagic|Uncounterable,0x0,0x0,5,13,70,20,0,0x3a,0,NoRank,0xc2,0x0,CannotDoubleEffect,0,0x0,0x0,0x0
Rotten Claw,0x39e,0x44e,0x0,0xad,0xb,IsWeapon|Indestructible|MonsterWeapon,0x0,0x0,0,7,80,8,0,0x11,0,NoRank,0xd1,0x0,NoEffect,0,0x0,0x0,0x0
Fetid Claw,0x39f,0x44f,0x0,0xae,0xb,IsWeapon|Indestructible|MonsterWeapon,0x0,0x0,0,12,75,10,0,0x11,0,NoRank,0xd2,0x0,NoEffect,0,0x0,0x0,0x0
Poison Claw,0x3a0,0x450,0x0,0xaf,0xb,IsWeapon|Indestructible|MonsterWeapon,0x0,0x0,0,6,65,10,0,0x11,0,NoRank,0xd3,0x0,PoisonEffect,0,0x0,0x0,0x0
Lethal Talon,0x3a1,0x451,0x0,0xb0,0xb,IsWeapon|Indestructible|MonsterWeapon,0x0,0x0,0,10,60,12,0,0x11,0,NoRank,0xd4,0x0,PoisonEffect,0,0x0,0x0,0x0
Fiery Fang,0x3a2,0x452,0x0,0xb1,0xb,IsWeapon|Indestructible|MonsterWeapon,0x0,0x0,0,5,90,5,0,0x11,0,NoRank,0xd5,0x0,NoEffect,0,0x0,0x0,0x0
Hellfang,0x3a3,0x453,0x0,0xb2,0xb,IsWeapon|Indestructible|MonsterWeapon,0x0,0x0,0,13,80,8,0,0x11,0,NoRank,0xd6,0x0,NoEffect,0,0x0,0x0,0x0
Evil Eye,0x3be,0x46d,0x0,0xb3,0x7,IsWeapon|IsMagic|Unsellable|Indestructible,0x0,0x0,0,7,85,6,0,0x12,0,NoRank,0xbe,0x0,NoEffect,0,0x0,0x0,0x0
Crimson Eye,0x3bf,0x46e,0x0,0xb4,0x7,IsWeapon|IsMagic|Unsellable|Indestructible,0x0,0x0,0,14,70,13,0,0x12,0,NoRank,0xbf,0x0,NoEffect,0,0x0,0x0,0x0
Stone,0x3bd,0x46c,0x0,0xb5,0x7,IsWeapon|IsMagic,0x0,0x0,5,0,65,8,0,0x13,0,NoRank,0xc0,0x0,StoneEffect,5,0x0,0x0,0x0
Aircalibur,0x3ac,0x45b,0x0,0xb6,0x5,IsWeapon|IsMagic,0x0,FlierEffectiveness|IsPointer,20,8,85,2,0,0x12,55,BRank,0x35,0x0,NoEffect,1,0x0,0x0,0x0
Juna Fruit,0x402,0x4aa,0x4e3,0xb7,0x9,0x0,0x0,0x0,1,0,0,0,0,0x11,0,NoRank,0xdd,0x36,NoEffect,0,0x0,0x0,0x0
150G,0x3fe,0x4a1,0x4da,0xb8,0x9,0x0,0x0,0x0,1,0,0,0,0,0x11,150,NoRank,0x89,0x0,NoEffect,0,0x0,0x0,0x0
200G,0x3ff,0x4a1,0x4da,0xb9,0x9,0x0,0x0,0x0,1,0,0,0,0,0x11,200,NoRank,0x89,0x0,NoEffect,0,0x0,0x0,0x0
Black Gem,0x3ee,0x49d,0x0,0xba,0x9,0x0,0x0,0x0,1,0,0,0,0,0x11,30000,NoRank,0xc8,0x0,NoEffect,0,0x0,0x0,0x0
Gold Gem,0x3ed,0x49c,0x0,0xbb,0x9,0x0,0x0,0x0,1,0,0,0,0,0x11,40000,NoRank,0xc9,0x0,NoEffect,0,0x0,0x0,0x0
Skill Scroll,0xFFFF,0xFFFF,SkillScrollDesc,0xbc,0x9,0x0,0x0,0x0,1,0,0,0,0,0x11,10000,NoRank,0x0,0x38,NoEffect,0,0x0,0x0,0x0
0xbd,0x403,0x4ab,0x0,0xbd,0x2,IsWeapon,0x0,0x0,0,0,0,0,0,0x11,0,NoRank,0x0,0x0,NoEffect,1,0x0,0x0,0x0
Lightning,0x3b0,0x404,0x0,0xbe,Light,IsWeapon|IsMagic,0x0,0x0,40,8,85,5,0,0x11,10,ERank,LightningIcon,0x0,NoEffect,1,0x0,0x0,0x0
Shine,0x3b1,0x404,0x0,0xbf,Light,IsWeapon|IsMagic,0x0,0x0,30,12,75,8,0,0x11,20,DRank,ShineIcon,0x0,NoEffect,1,0x0,0x0,0x0
Aura,0x3b4,0x404,0x0,0xc0,Light,IsWeapon|IsMagic,0x0,0x0,20,16,65,11,0,0x11,65,BRank,AuraIcon,0x0,NoEffect,1,0x0,0x0,0x0
Resire,ResireName,HPDrainDesc,0x0,0xc1,Light,IsWeapon|IsMagic,0x0,0x0,25,9,75,9,0,0x11,0,CRank,0x0,0x0,NosferatuEffect,1,0x0,0x0,0x0
Divine Protection,DivineName,0x404,0x0,0xc2,Light,IsWeapon|IsMagic,0x0,0x0,25,11,80,14,0,0x11,0,BRank,DivineIcon,0x0,NoEffect,1,0x0,0x0,0x0
Light Javelin,LightJavelinName,0x404,0x0,0xc3,Light,IsWeapon|IsMagic,0x0,0x0,20,9,80,7,0,0x11,0,DRank,0x0,0x0,NoEffect,1,0x0,0x0,0x0
Prism,PrismName,0x404,0x0,0xc4,Light,IsWeapon|IsMagic,0x0,0x0,20,10,80,10,0,0x12,0,CRank,0x0,0x0,NoEffect,1,0x0,0x0,0x0
Purge,0x3b3,0x404,0x0,0xc5,Light,IsWeapon|IsMagic,0x0,0x0,30,11,80,9,0,0x12,0,CRank,0x0,0x0,NoEffect,1,0x0,0x0,0x0
Free,0x403,0x4ab,0x0,0xc6,Light,IsWeapon|IsMagic,0x0,0x0,0,0,0,0,0,0x11,0,NoRank,0x0,0x0,NoEffect,1,0x0,0x0,0x0
Free,0x403,0x4ab,0x0,0xc7,Light,IsWeapon|IsMagic,0x0,0x0,0,11,80,10,0,0x11,0,NoRank,0x0,0x0,NoEffect,1,0x0,0x0,0x0
Free,0x403,0x4ab,0x0,0xc8,Light,IsWeapon|IsMagic,0x0,0x0,0,0,0,0,0,0x11,0,NoRank,0x0,0x0,NoEffect,1,0x0,0x0,0x0
Flux,0x3b6,0x404,0x0,0xc9,Dark,IsWeapon|IsMagic,0x0,0x0,40,7,90,7,0,0x12,10,ERank,FluxIcon,0x0,NoEffect,1,0x0,0x0,0x0
Shade,ShadeName,0x404,0x0,0xca,Dark,IsWeapon|IsMagic,0x0,0x0,30,11,80,10,0,0x12,20,DRank,ShadeIcon,0x0,NoEffect,1,0x0,0x0,0x0
Fenrir,0x3ba,0x404,0x0,0xcb,Dark,IsWeapon|IsMagic,0x0,0x0,20,15,70,13,0,0x12,65,BRank,FenrirIcon,0x0,NoEffect,1,0x0,0x0,0x0
Luna,0x3b7,0x404,0x0,0xcc,Dark,IsWeapon|IsMagic,0x0,0x0,25,9,80,9,0,0x11,0,CRank,LunaIcon,0x0,NoEffect,1,0x0,0x0,0x0
Eclipse,0x3b9,0x404,0x0,0xcd,Dark,IsWeapon|IsMagic,0x0,0x0,0,0,0,0,0,0x12,0,BRank,EclipseIcon,0x0,NoEffect,1,0x0,0x0,0x0
Void,VoidName,0x404,0x0,0xce,Dark,IsWeapon|IsMagic,0x0,0x0,20,7,80,9,0,0x12,0,ERank,VoidIcon,0x0,NoEffect,1,0x0,0x0,0x0
Black Hole,BlackHoleName,0x404,0x0,0xcf,Dark,IsWeapon|IsMagic,0x0,0x0,0,0,0,0,0,0x12,0,DRank,BlackHoleIcon,0x0,NoEffect,1,0x0,0x0,0x0
Free,0x403,0x4ab,0x0,0xd0,Dark,IsMagic,0x0,0x0,0,0,0,0,0,0x12,0,NoRank,0x0,0x0,NoEffect,1,0x0,0x0,0x0
Free,0x403,0x4ab,0x0,0xd1,Dark,IsMagic,0x0,0x0,0,0,0,0,0,0x12,0,NoRank,0x0,0x0,NoEffect,1,0x0,0x0,0x0
Free,0x403,0x4ab,0x0,0xd2,Dark,IsMagic,0x0,0x0,0,0,0,0,0,0x12,0,NoRank,0x0,0x0,NoEffect,1,0x0,0x0,0x0
Free,0x403,0x4ab,0x0,0xd3,Dark,IsMagic,0x0,0x0,0,0,0,0,0,0x12,0,NoRank,0x0,0x0,NoEffect,1,0x0,0x0,0x0
Free,0x403,0x4ab,0x0,0xd4,0xc,0x0,0x0,0x0,0,0,0,0,0,0x12,0,NoRank,0x0,0x0,NoEffect,1,0x0,0x0,0x0
Iron Shield,IronShieldName,0x404,0x0,0xd5,0x9,0x0,IronShieldBonus|IsPointer,0x0,10,0,2,1,0,0x11,78,NoRank,IronShieldIcon,0x0,NoEffect,1,0x0,0x0,0x0
Steel Shield,SteelShieldName,0x404,0x0,0xd6,0x9,0x0,SteelShieldBonus|IsPointer,0x0,10,0,4,2,0,0x11,0,NoRank,SteelShieldIcon,0x0,NoEffect,1,0x0,0x0,0x0
Silver Shield,SilverShieldName,0x404,0x0,0xd7,0x9,0x0,SilverShieldBonus|IsPointer,0x0,10,0,6,4,0,0x11,0,NoRank,SilverShieldIcon,0x0,NoEffect,1,0x0,0x0,0x0
Sash,SashName,SashDesc,0x0,0xd8,0x9,0x0,SashBonus|IsPointer,0x0,10,0,0,0,0,0x11,0,NoRank,0x0,0x0,NoEffect,1,0x0,0x0,0x0
Four-leaf Clover,CloverName,CloverDesc,0x0,0xd9,0x9,Indestructible|PASSIVE_ITEM_BOOSTS_ATTR,CloverBonus|IsPointer,0x0,0,0,0,0,0,0x11,0,NoRank,0x0,0x0,NoEffect,1,0x0,0x0,0x0
Magic Shield,0x403,0x4ab,0x0,0xda,0x9,0x0,MagicShieldBonus|IsPointer,0x0,10,0,0,0,0,0x11,0,NoRank,0x0,0x0,NoEffect,1,0x0,0x0,0x0
0xdb,0x403,0x4ab,0x0,0xdb,0xc,0x0,0x0,0x0,0,0,0,0,0,0x11,0,NoRank,0x0,0x0,NoEffect,1,0x0,0x0,0x0
0xdc,0x403,0x4ab,0x0,0xdc,0xc,0x0,0x0,0x0,0,0,0,0,0,0x11,0,NoRank,0x0,0x0,NoEffect,1,0x0,0x0,0x0
0xdd,0x403,0x4ab,0x0,0xdd,0xc,0x0,0x0,0x0,0,0,0,0,0,0x11,0,NoRank,0x0,0x0,NoEffect,1,0x0,0x0,0x0
0xde,0x403,0x4ab,0x0,0xde,0xc,0x0,0x0,0x0,0,0,0,0,0,0x11,0,NoRank,0x0,0x0,NoEffect,1,0x0,0x0,0x0
0xdf,0x403,0x4ab,0x0,0xdf,0xc,0x0,0x0,0x0,0,0,0,0,0,0x11,0,NoRank,0x0,0x0,NoEffect,1,0x0,0x0,0x0
0xe0,0x403,0x4ab,0x0,0xe0,0xc,0x0,0x0,0x0,0,0,0,0,0,0x11,0,NoRank,0x0,0x0,NoEffect,1,0x0,0x0,0x0
0xe1,0x403,0x4ab,0x0,0xe1,0xc,0x0,0x0,0x0,0,0,0,0,0,0x11,0,NoRank,0x0,0x0,NoEffect,1,0x0,0x0,0x0
0xe2,0x403,0x4ab,0x0,0xe2,0xc,0x0,0x0,0x0,0,0,0,0,0,0x11,0,NoRank,0x0,0x0,NoEffect,1,0x0,0x0,0x0
0xe3,0x403,0x4ab,0x0,0xe3,0xc,0x0,0x0,0x0,0,0,0,0,0,0x11,0,NoRank,0x0,0x0,NoEffect,1,0x0,0x0,0x0
0xe4,0x403,0x4ab,0x0,0xe4,0xc,0x0,0x0,0x0,0,0,0,0,0,0x11,0,NoRank,0x0,0x0,NoEffect,1,0x0,0x0,0x0
0xe5,0x403,0x4ab,0x0,0xe5,0xc,0x0,0x0,0x0,0,0,0,0,0,0x11,0,NoRank,0x0,0x0,NoEffect,1,0x0,0x0,0x0
0xe6,0x403,0x4ab,0x0,0xe6,0xc,0x0,0x0,0x0,0,0,0,0,0,0x11,0,NoRank,0x0,0x0,NoEffect,1,0x0,0x0,0x0
0xe7,0x403,0x4ab,0x0,0xe7,0xc,0x0,0x0,0x0,0,0,0,0,0,0x11,0,NoRank,0x0,0x0,NoEffect,1,0x0,0x0,0x0
0xe8,0x403,0x4ab,0x0,0xe8,0xc,0x0,0x0,0x0,0,0,0,0,0,0x11,0,NoRank,0x0,0x0,NoEffect,1,0x0,0x0,0x0
0xe9,0x403,0x4ab,0x0,0xe9,0xc,0x0,0x0,0x0,0,0,0,0,0,0x11,0,NoRank,0x0,0x0,NoEffect,1,0x0,0x0,0x0
0xea,0x403,0x4ab,0x0,0xea,0xc,0x0,0x0,0x0,0,0,0,0,0,0x11,0,NoRank,0x0,0x0,NoEffect,1,0x0,0x0,0x0
0xeb,0x403,0x4ab,0x0,0xeb,0xc,0x0,0x0,0x0,0,0,0,0,0,0x11,0,NoRank,0x0,0x0,NoEffect,1,0x0,0x0,0x0
0xec,0x403,0x4ab,0x0,0xec,0xc,0x0,0x0,0x0,0,0,0,0,0,0x11,0,NoRank,0x0,0x0,NoEffect,1,0x0,0x0,0x0
0xed,0x403,0x4ab,0x0,0xed,0xc,0x0,0x0,0x0,0,0,0,0,0,0x11,0,NoRank,0x0,0x0,NoEffect,1,0x0,0x0,0x0
0xee,0x403,0x4ab,0x0,0xee,0xc,0x0,0x0,0x0,0,0,0,0,0,0x11,0,NoRank,0x0,0x0,NoEffect,1,0x0,0x0,0x0
0xef,0x403,0x4ab,0x0,0xef,0xc,0x0,0x0,0x0,0,0,0,0,0,0x11,0,NoRank,0x0,0x0,NoEffect,1,0x0,0x0,0x0
0xf0,0x403,0x4ab,0x0,0xf0,0xc,0x0,0x0,0x0,0,0,0,0,0,0x11,0,NoRank,0x0,0x0,NoEffect,1,0x0,0x0,0x0
0xf1,0x403,0x4ab,0x0,0xf1,0xc,0x0,0x0,0x0,0,0,0,0,0,0x11,0,NoRank,0x0,0x0,NoEffect,1,0x0,0x0,0x0
0xf2,0x403,0x4ab,0x0,0xf2,0xc,0x0,0x0,0x0,0,0,0,0,0,0x11,0,NoRank,0x0,0x0,NoEffect,1,0x0,0x0,0x0
0xf3,0x403,0x4ab,0x0,0xf3,0xc,0x0,0x0,0x0,0,0,0,0,0,0x11,0,NoRank,0x0,0x0,NoEffect,1,0x0,0x0,0x0
0xf4,0x403,0x4ab,0x0,0xf4,0xc,0x0,0x0,0x0,0,0,0,0,0,0x11,0,NoRank,0x0,0x0,NoEffect,1,0x0,0x0,0x0
0xf5,0x403,0x4ab,0x0,0xf5,0xc,0x0,0x0,0x0,0,0,0,0,0,0x11,0,NoRank,0x0,0x0,NoEffect,1,0x0,0x0,0x0
0xf6,0x403,0x4ab,0x0,0xf6,0xc,0x0,0x0,0x0,0,0,0,0,0,0x11,0,NoRank,0x0,0x0,NoEffect,1,0x0,0x0,0x0
0xf7,0x403,0x4ab,0x0,0xf7,0xc,0x0,0x0,0x0,0,0,0,0,0,0x11,0,NoRank,0x0,0x0,NoEffect,1,0x0,0x0,0x0
0xf8,0x403,0x4ab,0x0,0xf8,0xc,0x0,0x0,0x0,0,0,0,0,0,0x11,0,NoRank,0x0,0x0,NoEffect,1,0x0,0x0,0x0
0xf9,0x403,0x4ab,0x0,0xf9,0xc,0x0,0x0,0x0,0,0,0,0,0,0x11,0,NoRank,0x0,0x0,NoEffect,1,0x0,0x0,0x0
0xfa,0x403,0x4ab,0x0,0xfa,0xc,0x0,0x0,0x0,0,0,0,0,0,0x11,0,NoRank,0x0,0x0,NoEffect,1,0x0,0x0,0x0
0xfb,0x403,0x4ab,0x0,0xfb,0xc,0x0,0x0,0x0,0,0,0,0,0,0x11,0,NoRank,0x0,0x0,NoEffect,1,0x0,0x0,0x0
0xfc,0x403,0x4ab,0x0,0xfc,0xc,0x0,0x0,0x0,0,0,0,0,0,0x11,0,NoRank,0x0,0x0,NoEffect,1,0x0,0x0,0x0
0xfd,0x403,0x4ab,0x0,0xfd,0xc,0x0,0x0,0x0,0,0,0,0,0,0x11,0,NoRank,0x0,0x0,NoEffect,1,0x0,0x0,0x0
0xfe,0x403,0x4ab,0x0,0xfe,0xc,0x0,0x0,0x0,0,0,0,0,0,0x11,0,NoRank,0x0,0x0,NoEffect,1,0x0,0x0,0x0
0xff,0x403,0x4ab,0x0,0xff,0xc,0x0,0x0,0x0,0,0,0,0,0,0x11,0,NoRank,0x0,0x0,NoEffect,1,0x0,0x0,0x0
