0x807110,Name,Description,ID,Default Class Promoted From/To,Standing Map Anims,Move Speed,Generic Mug,N/A,HP,Atk,Skl,Spd,Def,Res,Con,Mov,HP Cap,Atk Cap,Skl Cap,Spd Cap,Def Cap,Res Cap,Con Cap,Class Relative Power,HP Growth,Atk Growth,Skl Growth,Spd Growth,Def Growth,Res Growth,Luck Growth,HP Promo Gain,Atk Promo Gain,Skl Promo Gain,Spd Promo Gain,Def Promo Gain,Res Promo Gain,CharClassAbility,Sword,Lance,Axe,Bow,Staff,Anima,Light,Dark,Battle Anims,Move Costs,Rain Move Costs,Snow Move Costs,Avo Bonus,Def Bonus,Res Bonus,Class Type
None,0x0,0x0,0x0,0x0,0x0,0x0,0x0,0x0,0,0,0,0,0,0,0,0,0,0,0,0,0,0,0,0,0,0,0,0,0,37,0,37,0,0,65,0,0,0x1000002,NoRank,NoRank,NoRank,NoRank,NoRank,NoRank,NoRank,NoRank,0x1f,0x0,0x231e143c,0x190f0f,0x0,0x0,0x0,0x0
Count,CountName,CountDesc,0x1,Margrave,0x0,0x0,0x8b,0x1,27,9,9,5,7,0,10,5,80,25,25,25,25,25,25,3,0,0,0,0,0,0,0,0,0,0,0,0,0,IsLord,NoRank,CRank,NoRank,NoRank,NoRank,NoRank,NoRank,NoRank,CountAnimPoint|IsPointer,FootMovCost|IsPointer,FootMovCost|IsPointer,FootMovCost|IsPointer,TerrainAvoBonus|IsPointer,TerrainDefBonus|IsPointer,TerrainResBonus|IsPointer,0x0
Lord,LordName,LordDesc,0x2,GreatLord,0x1,0x0,0x8b,0x1,23,6,8,10,4,3,7,5,80,25,25,25,25,25,25,3,0,0,0,0,0,0,0,0,0,0,0,0,0,IsLord|SwordmasterUnlock|IsPromoted,CRank,NoRank,NoRank,NoRank,NoRank,NoRank,NoRank,NoRank,LordAnimPoint|IsPointer,FootMovCost|IsPointer,FootMovCost|IsPointer,FootMovCost|IsPointer,TerrainAvoBonus|IsPointer,TerrainDefBonus|IsPointer,TerrainResBonus|IsPointer,SwordType
Margrave,MargraveName,MargraveDesc,0x3,Count,0x2,0x0,0x8b,0x2,33,11,10,8,10,2,12,8,80,25,25,25,25,25,25,3,0,0,0,0,0,0,0,0,0,0,0,0,0,IsLord|MountedAid|HasCanto|HorseIcon|IsPromoted,NoRank,BRank,NoRank,NoRank,NoRank,NoRank,NoRank,NoRank,0x0,PaladinMovCost|IsPointer,PaladinMovCost|IsPointer,PaladinMovCost|IsPointer,TerrainAvoBonus|IsPointer,TerrainDefBonus|IsPointer,TerrainResBonus|IsPointer,0x0
Great Lord,GreatLordName,GreatLordDesc,0x4,Lord,0x3,0x0,0x8b,0x2,31,8,13,14,7,7,8,8,80,25,25,25,25,25,25,3,0,0,0,0,0,0,0,0,0,0,0,0,0,IsLord|SwordmasterUnlock|MountedAid|HasCanto|HorseIcon,BRank,NoRank,NoRank,NoRank,NoRank,NoRank,NoRank,NoRank,0x0,PaladinMovCost|IsPointer,PaladinMovCost|IsPointer,PaladinMovCost|IsPointer,TerrainAvoBonus|IsPointer,TerrainDefBonus|IsPointer,TerrainResBonus|IsPointer,SwordType|HorseType
Lance Cavalier,LanceCavalierName,CavalierDesc,0x5,LancePaladin,0x4,0x0,LanceCavalierCC,0x20,24,8,6,5,5,3,9,7,80,25,25,25,25,25,25,3,75,60,45,30,50,25,45,0,0,0,0,0,0,MountedAid|HasCanto|HorseIcon|UnlockCavalry,NoRank,DRank,NoRank,NoRank,NoRank,NoRank,NoRank,NoRank,CavalierAnimPoint|IsPointer,CavMovCost|IsPointer,CavMovCost|IsPointer,CavMovCost|IsPointer,TerrainAvoBonus|IsPointer,TerrainDefBonus|IsPointer,TerrainResBonus|IsPointer,HorseType
Sword Cavalier,SwordCavalierName,CavalierDesc,0x6,SwordPaladin,0x1d,0x0,SwordCavalierCC,0x20,26,9,7,4,6,0,9,7,80,25,25,25,25,25,25,3,85,70,40,30,60,10,45,0,0,0,0,0,0,MountedAid|HasCanto|HorseIcon|UnlockCavalry,DRank,NoRank,NoRank,NoRank,NoRank,NoRank,NoRank,NoRank,CavalierAnimPoint|IsPointer,CavMovCost|IsPointer,CavMovCost|IsPointer,CavMovCost|IsPointer,TerrainAvoBonus|IsPointer,TerrainDefBonus|IsPointer,TerrainResBonus|IsPointer,HorseType
Lance Paladin,LancePaladinName,PaladinDesc,0x7,LanceCavalier,0x5,0x0,LancePaladinCC,0x21,27,10,8,8,7,6,10,8,80,25,25,25,25,25,25,3,55,40,30,20,25,15,45,0,0,0,0,0,0,MountedAid|HasCanto|HorseIcon|IsPromoted|UnlockCavalry,NoRank,CRank,NoRank,NoRank,NoRank,NoRank,NoRank,NoRank,PaladinAnimPoint|IsPointer,PaladinMovCost|IsPointer,PaladinMovCost|IsPointer,PaladinMovCost|IsPointer,TerrainAvoBonus|IsPointer,TerrainDefBonus|IsPointer,TerrainResBonus|IsPointer,HorseType
Sword Paladin,SwordPaladinName,PaladinDesc,0x8,SwordCavalier,0x2b,0x0,SwordPaladinCC,0x21,27,12,8,8,7,6,10,8,80,25,25,25,25,25,25,3,55,30,45,25,20,20,45,0,0,0,0,0,0,MountedAid|HasCanto|HorseIcon|IsPromoted|UnlockCavalry,CRank,NoRank,NoRank,NoRank,NoRank,NoRank,NoRank,NoRank,PaladinAnimPoint|IsPointer,PaladinMovCost|IsPointer,PaladinMovCost|IsPointer,PaladinMovCost|IsPointer,TerrainAvoBonus|IsPointer,TerrainDefBonus|IsPointer,TerrainResBonus|IsPointer,HorseType
Armor Knight,ArmorKnightName,ArmorKnightDesc,0x9,General,0x6,0x0,ArmorKnightCC,0xc,26,10,7,2,10,0,12,4,80,25,25,25,25,25,25,3,85,55,55,30,65,10,30,0,0,0,0,0,0,0,DRank,DRank,NoRank,NoRank,NoRank,NoRank,NoRank,NoRank,ArmorKnightAnimPoint|IsPointer,ArmorMovCost|IsPointer,ArmorMovCost|IsPointer,ArmorMovCost|IsPointer,TerrainAvoBonus|IsPointer,TerrainDefBonus|IsPointer,TerrainResBonus|IsPointer,ArmorType
Armour Knight (F),0x2c3,0x30f,0xa,0xc,0x6,0x1,0x76,0xc,16,4,3,1,8,1,10,4,80,25,25,25,25,25,25,3,80,40,30,15,28,20,25,2,1,1,1,2,0,0x0,NoRank,DRank,NoRank,NoRank,NoRank,NoRank,NoRank,NoRank,0x0,ArmorMovCost|IsPointer,ArmorMovCost|IsPointer,ArmorMovCost|IsPointer,TerrainAvoBonus|IsPointer,TerrainDefBonus|IsPointer,TerrainResBonus|IsPointer,ArmorType
General,GeneralName,GeneralDesc,0xb,ArmorKnight,0x7,0x0,GeneralCC,0xd,31,12,8,5,12,1,14,5,80,25,25,25,25,25,25,3,50,30,40,20,35,5,30,0,0,0,0,0,0,IsPromoted,CRank,CRank,CRank,CRank,NoRank,NoRank,NoRank,NoRank,GeneralAnimPoint|IsPointer,ArmorMovCost|IsPointer,ArmorMovCost|IsPointer,ArmorMovCost|IsPointer,TerrainAvoBonus|IsPointer,TerrainDefBonus|IsPointer,TerrainResBonus|IsPointer,ArmorType
General (F),0x2c4,0x310,0xc,0xa,0x7,0x1,0x77,0xd,20,8,5,5,11,4,11,5,80,25,25,25,25,25,25,3,75,30,25,10,23,25,20,3,2,3,2,3,3,IsPromoted,ERank,CRank,ERank,NoRank,NoRank,NoRank,NoRank,NoRank,PlaceholderAnimPoint|IsPointer,ArmorMovCost|IsPointer,ArmorMovCost|IsPointer,ArmorMovCost|IsPointer,TerrainAvoBonus|IsPointer,TerrainDefBonus|IsPointer,TerrainResBonus|IsPointer,ArmorType
Thief,ThiefName,ThiefDesc,0xd,Rogue,0x8,0x0,ThiefCC,0x12,20,5,6,9,3,6,6,6,80,25,25,25,25,25,25,3,60,35,45,55,35,35,75,0,0,0,0,0,0,Steal|CanUseLockpick,DRank,NoRank,NoRank,NoRank,NoRank,NoRank,NoRank,NoRank,ThiefAnimPoint|IsPointer,FootMovCost|IsPointer,FootMovCost|IsPointer,FootMovCost|IsPointer,TerrainAvoBonus|IsPointer,TerrainDefBonus|IsPointer,TerrainResBonus|IsPointer,0x0
Manakete,0x2d7,0x323,0xe,0x1f,0x9,0x0,0x8f,0x1f,12,0,0,2,2,2,5,8,80,25,25,25,25,25,25,2,95,40,30,20,0,10,25,0,0,0,0,0,0,UseMonsterWeapons,NoRank,NoRank,NoRank,NoRank,NoRank,NoRank,NoRank,NoRank,PlaceholderAnimPoint|IsPointer,FootMovCost|IsPointer,FootMovCost|IsPointer,FootMovCost|IsPointer,TerrainAvoBonus|IsPointer,TerrainDefBonus|IsPointer,TerrainResBonus|IsPointer,DragonType
Mercenary,MercenaryName,MercenaryDesc,0xf,Hero,0xa,0x0,MercenaryCC,0x3,24,8,8,5,5,0,11,5,80,25,25,25,25,25,25,3,75,55,45,40,40,10,45,0,0,0,0,0,0,0,DRank,NoRank,NoRank,NoRank,NoRank,NoRank,NoRank,NoRank,MercenaryAnimPoint|IsPointer,FootMovCost|IsPointer,FootMovCost|IsPointer,FootMovCost|IsPointer,TerrainAvoBonus|IsPointer,TerrainDefBonus|IsPointer,TerrainResBonus|IsPointer,SwordType
Mercenary_F,MercenaryName,MercenaryDesc,0x10,Hero_F,0xb,0x0,MercenaryCC,0x3,24,7,7,5,4,0,11,5,80,25,25,25,25,25,25,3,55,35,30,25,20,10,45,0,0,0,0,0,0,0,DRank,NoRank,NoRank,NoRank,NoRank,NoRank,NoRank,NoRank,MercenaryFAnimPoint|IsPointer,FootMovCost|IsPointer,FootMovCost|IsPointer,FootMovCost|IsPointer,TerrainAvoBonus|IsPointer,TerrainDefBonus|IsPointer,TerrainResBonus|IsPointer,SwordType
Hero,HeroName,HeroDesc,0x11,Mercenary,0xc,0x0,HeroCC,0x4,29,9,9,8,7,2,12,6,80,25,25,25,25,25,25,3,55,35,30,25,30,10,45,0,0,0,0,0,0,IsPromoted,CRank,NoRank,CRank,NoRank,NoRank,NoRank,NoRank,NoRank,HeroAnimPoint|IsPointer,FootMovCost|IsPointer,FootMovCost|IsPointer,FootMovCost|IsPointer,TerrainAvoBonus|IsPointer,TerrainDefBonus|IsPointer,TerrainResBonus|IsPointer,SwordType
Hero_F,HeroName,HeroDesc,0x12,Mercenary_F,0xd,0x0,HeroCC,0x4,29,9,9,8,7,2,12,6,80,25,25,25,25,25,25,3,55,35,30,25,20,10,45,0,0,0,0,0,0,IsPromoted,CRank,NoRank,CRank,NoRank,NoRank,NoRank,NoRank,NoRank,HeroFAnimPoint|IsPointer,FootMovCost|IsPointer,FootMovCost|IsPointer,FootMovCost|IsPointer,TerrainAvoBonus|IsPointer,TerrainDefBonus|IsPointer,TerrainResBonus|IsPointer,SwordType
Myrmidon,MyrmidonName,MyrmidonDesc,0x13,Swordmaster,0xe,0x0,MyrmidonCC,0x5,23,6,9,10,4,1,8,5,80,25,25,25,25,25,25,3,55,40,55,50,30,20,60,0,0,0,0,0,0,SwordmasterUnlock,DRank,NoRank,NoRank,NoRank,NoRank,NoRank,NoRank,NoRank,MyrmidonAnimPoint|IsPointer,FootMovCost|IsPointer,FootMovCost|IsPointer,FootMovCost|IsPointer,TerrainAvoBonus|IsPointer,TerrainDefBonus|IsPointer,TerrainResBonus|IsPointer,SwordType
Myrmidon_F,MyrmidonName,MyrmidonDesc,0x14,Swordmaster_F,0xf,0x0,MyrmidonCC,0x5,23,6,8,9,4,2,8,5,80,25,25,25,25,25,25,3,50,20,45,40,20,15,60,0,0,0,0,0,0,SwordmasterUnlock,DRank,NoRank,NoRank,NoRank,NoRank,NoRank,NoRank,NoRank,MyrmidonFAnimPoint|IsPointer,FootMovCost|IsPointer,FootMovCost|IsPointer,FootMovCost|IsPointer,TerrainAvoBonus|IsPointer,TerrainDefBonus|IsPointer,TerrainResBonus|IsPointer,SwordType
Swordmaster,SwordmasterName,SwordmasterDesc,0x15,Myrmidon,0x10,0x0,SwordmasterCC,0x6,26,8,10,12,6,3,8,6,80,25,25,25,25,25,25,3,50,20,45,40,20,15,60,0,0,0,0,0,0,SwordmasterUnlock|IsPromoted,BRank,NoRank,NoRank,NoRank,NoRank,NoRank,NoRank,NoRank,SwordmasterAnimPoint|IsPointer,FootMovCost|IsPointer,FootMovCost|IsPointer,FootMovCost|IsPointer,TerrainAvoBonus|IsPointer,TerrainDefBonus|IsPointer,TerrainResBonus|IsPointer,SwordType
Swordmaster_F,SwordmasterName,SwordmasterDesc,0x16,Myrmidon_F,0x11,0x0,SwordmasterCC,0x6,26,8,10,12,6,3,8,6,80,25,25,25,25,25,25,3,50,20,45,40,20,15,60,0,0,0,0,0,0,SwordmasterUnlock|IsPromoted,BRank,NoRank,NoRank,NoRank,NoRank,NoRank,NoRank,NoRank,SwordmasterFAnimPoint|IsPointer,FootMovCost|IsPointer,FootMovCost|IsPointer,FootMovCost|IsPointer,TerrainAvoBonus|IsPointer,TerrainDefBonus|IsPointer,TerrainResBonus|IsPointer,SwordType
Assassin,0x2ca,0x316,0x17,0xd,0x12,0x0,0x8e,0x8,16,3,1,9,2,0,8,6,80,25,25,25,25,25,25,3,50,5,45,40,5,20,40,3,1,0,0,2,2,CanUseLockpick|IsPromoted|SwordmasterUnlock|Lethality,DRank,NoRank,NoRank,NoRank,NoRank,NoRank,NoRank,NoRank,0x0,FootMovCost|IsPointer,FootMovCost|IsPointer,FootMovCost|IsPointer,TerrainAvoBonus|IsPointer,TerrainDefBonus|IsPointer,TerrainResBonus|IsPointer,SwordType
Assassin (F),0x2ca,0x316,0x18,0xd,0x13,0x0,0x8e,0x8,16,3,1,9,2,0,6,6,80,25,25,25,25,25,25,3,50,5,45,40,5,20,40,2,1,1,1,2,1,CanUseLockpick|IsPromoted|SwordmasterUnlock|Lethality,DRank,NoRank,NoRank,NoRank,NoRank,NoRank,NoRank,NoRank,0x0,FootMovCost|IsPointer,FootMovCost|IsPointer,FootMovCost|IsPointer,TerrainAvoBonus|IsPointer,TerrainDefBonus|IsPointer,TerrainResBonus|IsPointer,SwordType
Archer,ArcherName,ArcherDesc,0x19,Sniper,0x14,0x0,ArcherCC,0xa,23,7,9,4,5,2,8,5,80,25,25,25,25,25,25,3,70,50,55,40,40,15,30,0,0,0,0,0,0,UseBallista,NoRank,NoRank,NoRank,DRank,NoRank,NoRank,NoRank,NoRank,ArcherAnimPoint|IsPointer,FootMovCost|IsPointer,FootMovCost|IsPointer,FootMovCost|IsPointer,TerrainAvoBonus|IsPointer,TerrainDefBonus|IsPointer,TerrainResBonus|IsPointer,0x0
Archer_F,ArcherName,ArcherDesc,0x1a,Sniper_F,0x15,0x0,ArcherCC,0xa,21,8,9,5,3,2,8,5,80,25,25,25,25,25,25,3,45,35,40,30,25,15,30,0,0,0,0,0,0,UseBallista,NoRank,NoRank,NoRank,DRank,NoRank,NoRank,NoRank,NoRank,ArcherFAnimPoint|IsPointer,FootMovCost|IsPointer,FootMovCost|IsPointer,FootMovCost|IsPointer,TerrainAvoBonus|IsPointer,TerrainDefBonus|IsPointer,TerrainResBonus|IsPointer,0x0
Sniper,SniperName,SniperDesc,0x1b,Archer,0x16,0x0,SniperCC,0xb,24,11,12,7,5,4,9,6,80,25,25,25,25,25,25,3,45,35,40,30,25,15,30,0,0,0,0,0,0,UseBallista|IsPromoted,NoRank,NoRank,NoRank,BRank,NoRank,NoRank,NoRank,NoRank,SniperAnimPoint|IsPointer,FootMovCost|IsPointer,FootMovCost|IsPointer,FootMovCost|IsPointer,TerrainAvoBonus|IsPointer,TerrainDefBonus|IsPointer,TerrainResBonus|IsPointer,0x0
Sniper_F,SniperName,SniperDesc,0x1c,Archer_F,0x17,0x0,SniperCC,0xb,24,11,12,7,5,4,9,6,80,25,25,25,25,25,25,3,45,35,40,30,25,15,30,0,0,0,0,0,0,UseBallista|IsPromoted,NoRank,NoRank,NoRank,BRank,NoRank,NoRank,NoRank,NoRank,SniperFAnimPoint|IsPointer,FootMovCost|IsPointer,FootMovCost|IsPointer,FootMovCost|IsPointer,TerrainAvoBonus|IsPointer,TerrainDefBonus|IsPointer,TerrainResBonus|IsPointer,0x0
Bow Knight,BowKnightName,BowKnightDesc,0x1d,ArchKnight,0x18,0x0,BowCavalierCC,0xc,23,7,7,6,4,3,7,7,80,25,25,25,25,25,25,3,55,45,45,50,20,20,45,0,0,0,0,0,0,MountedAid|HasCanto|HorseIcon|UnlockCavalry,NoRank,NoRank,NoRank,DRank,NoRank,NoRank,NoRank,NoRank,CavalierAnimPoint|IsPointer,CavMovCost|IsPointer,CavMovCost|IsPointer,CavMovCost|IsPointer,TerrainAvoBonus|IsPointer,TerrainDefBonus|IsPointer,TerrainResBonus|IsPointer,HorseType
Bow Knight_F,BowKnightName,BowKnightDesc,0x1e,ArchKnight_F,0x4b,0x0,BowCavalierCC,0xc,23,6,7,6,4,3,7,7,80,25,25,25,25,25,25,3,55,25,35,30,20,20,45,0,0,0,0,0,0,MountedAid|HasCanto|HorseIcon|UnlockCavalry,NoRank,NoRank,NoRank,DRank,NoRank,NoRank,NoRank,NoRank,CavalierFAnimPoint|IsPointer,CavMovCost|IsPointer,CavMovCost|IsPointer,CavMovCost|IsPointer,TerrainAvoBonus|IsPointer,TerrainDefBonus|IsPointer,TerrainResBonus|IsPointer,HorseType
Dragon Knight,DracoKnightName,DracoKnightDesc,0x1f,DracoMaster,0x19,0x0,DracoRiderCC,0xd,25,8,6,6,6,0,12,7,80,25,25,25,25,25,25,3,80,55,45,35,55,10,45,0,0,0,0,0,0,MountedAid|HasCanto|DragonIcon,NoRank,NoRank,DRank,NoRank,NoRank,NoRank,NoRank,NoRank,DracoRiderAnimPoint|IsPointer,FlierMovCost|IsPointer,FlierMovCost|IsPointer,FlierSnowMovCost,FlierAvoBonus|IsPointer,FlierAvoBonus|IsPointer,FlierAvoBonus|IsPointer,FlierType|DragonType
Dragon Knight_F,DracoKnightName,DracoKnightDesc,0x20,DracoMaster_F,0x1a,0x0,DracoRiderCC,0xd,24,7,6,6,5,0,12,7,80,25,25,25,25,25,25,3,60,25,30,35,25,10,45,0,0,0,0,0,0,MountedAid|HasCanto|DragonIcon,NoRank,NoRank,DRank,NoRank,NoRank,NoRank,NoRank,NoRank,DracoRiderFAnimPoint|IsPointer,FlierMovCost|IsPointer,FlierMovCost|IsPointer,FlierSnowMovCost,FlierAvoBonus|IsPointer,FlierAvoBonus|IsPointer,FlierAvoBonus|IsPointer,FlierType|DragonType
Dragon Master,DracoMasterName,DracoMasterDesc,0x21,DracoRider,0x1b,0x0,DracoKnightCC,0xe,28,9,8,8,7,1,13,8,80,25,25,25,25,25,25,3,60,25,30,35,25,10,45,0,0,0,0,0,0,MountedAid|HasCanto|DragonIcon|IsPromoted,NoRank,CRank,CRank,NoRank,NoRank,NoRank,NoRank,NoRank,DracoKnightAnimPoint|IsPointer,FlierMovCost|IsPointer,FlierMovCost|IsPointer,FlierSnowMovCost,FlierAvoBonus|IsPointer,FlierAvoBonus|IsPointer,FlierAvoBonus|IsPointer,FlierType|DragonType
Dragon Master_F,DracoMasterName,DracoMasterDesc,0x22,DracoRider_F,0x1c,0x0,DracoKnightCC,0xe,28,9,8,8,7,1,13,8,80,25,25,25,25,25,25,3,60,25,30,35,25,10,45,0,0,0,0,0,0,MountedAid|HasCanto|DragonIcon|IsPromoted,NoRank,CRank,CRank,NoRank,NoRank,NoRank,NoRank,NoRank,DracoKnightAnimPoint|IsPointer,FlierMovCost|IsPointer,FlierMovCost|IsPointer,FlierSnowMovCost,FlierAvoBonus|IsPointer,FlierAvoBonus|IsPointer,FlierAvoBonus|IsPointer,FlierType|DragonType
Sword Cavalier_F,SwordCavalierName,CavalierDesc,0x23,SwordPaladin_F,0x2f,0x0,SwordCavalierCC,0xf,23,6,6,5,5,2,8,6,80,25,25,25,25,25,25,3,65,35,30,20,25,10,45,3,1,2,3,0,1,MountedAid|HasCanto|HorseIcon|IsPromoted|UnlockCavalry,DRank,NoRank,NoRank,NoRank,NoRank,NoRank,NoRank,NoRank,CavalierFAnimPoint|IsPointer,CavMovCost|IsPointer,CavMovCost|IsPointer,CavMovCost|IsPointer,TerrainAvoBonus|IsPointer,TerrainDefBonus|IsPointer,TerrainResBonus|IsPointer,HorseType
Sword Paladin_F,SwordPaladinName,PaladinDesc,0x24,SwordCavalier_F,0x49,0x0,SwordPaladinCC,0xf,19,6,8,9,6,2,9,8,80,25,25,25,25,25,25,3,65,35,30,20,25,10,45,3,2,1,2,1,1,MountedAid|HasCanto|HorseIcon|IsPromoted|UnlockCavalry,CRank,NoRank,NoRank,NoRank,NoRank,NoRank,NoRank,NoRank,PaladinFAnimPoint|IsPointer,PaladinMovCost|IsPointer,PaladinMovCost|IsPointer,PaladinMovCost|IsPointer,TerrainAvoBonus|IsPointer,TerrainDefBonus|IsPointer,TerrainResBonus|IsPointer,HorseType
Mage,MageName,MageDesc,0x25,Sage,0x1e,0x0,MageCC,0x12,22,0,7,8,2,4,6,5,80,25,25,25,25,25,25,3,45,0,50,40,35,40,60,0,0,0,0,0,0,0,NoRank,NoRank,NoRank,NoRank,NoRank,DRank,NoRank,NoRank,MageAnimPoint|IsPointer,MageMovCost|IsPointer,MageMovCost|IsPointer,MageMovCost|IsPointer,TerrainAvoBonus|IsPointer,TerrainDefBonus|IsPointer,TerrainResBonus|IsPointer,0x0
Mage_F,MageName,MageDesc,0x26,Sage_F,0x1f,0x0,MageCC,0x12,22,0,7,8,2,4,6,5,80,25,25,25,25,25,25,3,45,0,50,40,30,40,60,0,0,0,0,0,0,0,NoRank,NoRank,NoRank,NoRank,NoRank,DRank,NoRank,NoRank,MageFAnimPoint|IsPointer,MageMovCost|IsPointer,MageMovCost|IsPointer,MageMovCost|IsPointer,TerrainAvoBonus|IsPointer,TerrainDefBonus|IsPointer,TerrainResBonus|IsPointer,0x0
Sage,SageName,SageDesc,0x27,Mage,0x20,0x0,SageCC,0x13,23,0,7,9,2,6,7,6,80,25,25,25,25,25,25,3,45,0,50,45,15,25,60,0,0,0,0,0,0,IsPromoted,NoRank,NoRank,NoRank,NoRank,NoRank,BRank,NoRank,NoRank,SageAnimPoint|IsPointer,MageMovCost|IsPointer,MageMovCost|IsPointer,MageMovCost|IsPointer,TerrainAvoBonus|IsPointer,TerrainDefBonus|IsPointer,TerrainResBonus|IsPointer,0x0
Sage_F,SageName,SageDesc,0x28,Mage_F,0x21,0x0,SageCC,0x13,23,0,7,9,2,6,7,6,80,25,25,25,25,25,25,3,45,0,50,45,15,25,60,0,0,0,0,0,0,IsPromoted,NoRank,NoRank,NoRank,NoRank,NoRank,BRank,NoRank,NoRank,SageFAnimPoint|IsPointer,MageMovCost|IsPointer,MageMovCost|IsPointer,MageMovCost|IsPointer,TerrainAvoBonus|IsPointer,TerrainDefBonus|IsPointer,TerrainResBonus|IsPointer,0x0
Mage Knight,0x2d3,0x31f,0x29,0x25,0x22,0x0,0x95,0x14,24,7,7,6,4,5,8,7,80,25,25,25,25,25,25,3,65,45,40,40,40,50,45,4,2,0,0,2,2,HorseIcon|IsPromoted|MountedAid|HasCanto,CRank,NoRank,NoRank,NoRank,NoRank,CRank,NoRank,NoRank,0x0,PaladinMovCost|IsPointer,PaladinMovCost|IsPointer,PaladinMovCost|IsPointer,TerrainAvoBonus|IsPointer,TerrainDefBonus|IsPointer,TerrainResBonus|IsPointer,HorseType
Mage Knight (F),0x2d3,0x31f,0x2a,0x25,0x23,0x0,0x95,0x14,24,7,7,6,4,8,7,7,80,25,25,25,25,25,25,3,65,45,40,40,40,50,45,3,2,1,0,2,2,HorseIcon|IsPromoted|MountedAid|HasCanto,CRank,NoRank,NoRank,NoRank,NoRank,CRank,NoRank,NoRank,0x0,PaladinMovCost|IsPointer,PaladinMovCost|IsPointer,PaladinMovCost|IsPointer,TerrainAvoBonus|IsPointer,TerrainDefBonus|IsPointer,TerrainResBonus|IsPointer,HorseType
Bishop,BishopName,BishopDesc,0x2b,Priest,0x24,0x0,BishopCC,0x18,22,0,9,7,4,8,5,6,80,25,25,25,25,25,25,3,0,0,0,0,0,0,45,0,0,0,0,0,0,IsPromoted,NoRank,NoRank,NoRank,NoRank,CRank,NoRank,NoRank,NoRank,0x0,MageMovCost|IsPointer,MageMovCost|IsPointer,MageMovCost|IsPointer,TerrainAvoBonus|IsPointer,TerrainDefBonus|IsPointer,TerrainResBonus|IsPointer,0x0
Bishop_F,BishopName,BishopDesc,0x2c,Cleric,0x25,0x0,BishopCC,0x18,22,0,9,7,4,8,5,6,80,25,25,25,25,25,25,3,0,0,0,0,0,0,45,0,0,0,0,0,0,IsPromoted,NoRank,NoRank,NoRank,NoRank,CRank,NoRank,NoRank,NoRank,0x0,MageMovCost|IsPointer,MageMovCost|IsPointer,MageMovCost|IsPointer,TerrainAvoBonus|IsPointer,TerrainDefBonus|IsPointer,TerrainResBonus|IsPointer,0x0
Shaman,ShamanName,ShamanDesc,0x2d,Druid,0x26,0x0,ShamanCC,0x1b,23,0,7,4,4,2,9,5,80,25,25,25,25,25,25,3,75,0,45,40,35,25,45,0,0,0,0,0,0,0,NoRank,NoRank,NoRank,NoRank,NoRank,NoRank,NoRank,DRank,ShamanAnimPoint|IsPointer,MageMovCost|IsPointer,MageMovCost|IsPointer,MageMovCost|IsPointer,TerrainAvoBonus|IsPointer,TerrainDefBonus|IsPointer,TerrainResBonus|IsPointer,0x0
Shaman_F,ShamanName,ShamanDesc,0x2e,Druid_F,0x26,0x0,ShamanCC,0x1b,23,0,5,4,3,3,9,5,80,25,25,25,25,25,25,3,60,0,30,15,35,15,45,0,0,0,0,0,0,0,NoRank,NoRank,NoRank,NoRank,NoRank,NoRank,NoRank,DRank,ShamanFAnimPoint|IsPointer,MageMovCost|IsPointer,MageMovCost|IsPointer,MageMovCost|IsPointer,TerrainAvoBonus|IsPointer,TerrainDefBonus|IsPointer,TerrainResBonus|IsPointer,0x0
Druid,DruidName,DruidDesc,0x2f,Shaman,0x27,0x0,DruidCC,0x1c,27,0,7,6,5,3,10,6,80,25,25,25,25,25,25,3,60,0,30,15,35,5,45,0,0,0,0,0,0,IsPromoted,NoRank,NoRank,NoRank,NoRank,NoRank,NoRank,NoRank,BRank,DruidAnimPoint|IsPointer,MageMovCost|IsPointer,MageMovCost|IsPointer,MageMovCost|IsPointer,TerrainAvoBonus|IsPointer,TerrainDefBonus|IsPointer,TerrainResBonus|IsPointer,0x0
Druid_F,DruidName,DruidDesc,0x30,Shaman_F,0x27,0x0,DruidCC,0x1c,27,0,7,6,5,3,10,6,80,25,25,25,25,25,25,3,60,0,30,15,35,5,45,0,0,0,0,0,0,IsPromoted,NoRank,NoRank,NoRank,NoRank,NoRank,NoRank,NoRank,BRank,DruidFAnimPoint|IsPointer,MageMovCost|IsPointer,MageMovCost|IsPointer,MageMovCost|IsPointer,TerrainAvoBonus|IsPointer,TerrainDefBonus|IsPointer,TerrainResBonus|IsPointer,0x0
Summoner,0x2e3,0x32e,0x31,0x2d,0x28,0x0,0x7f,0x1d,18,5,3,4,3,5,8,6,80,25,25,25,25,25,25,3,45,50,30,25,8,35,20,3,0,1,3,1,3,Summoning|IsPromoted,NoRank,NoRank,NoRank,NoRank,ERank,NoRank,NoRank,CRank,0x0,MageMovCost|IsPointer,MageMovCost|IsPointer,MageMovCost|IsPointer,TerrainAvoBonus|IsPointer,TerrainDefBonus|IsPointer,TerrainResBonus|IsPointer,0x0
Summoner (F),0x2e3,0x32e,0x32,0x2e,0x28,0x0,0x7f,0x1d,18,5,3,4,3,5,4,6,80,25,25,25,25,25,25,3,45,50,30,25,8,35,20,0,0,0,0,0,0,Summoning|IsPromoted,NoRank,NoRank,NoRank,NoRank,ERank,NoRank,NoRank,CRank,0x0,MageMovCost|IsPointer,MageMovCost|IsPointer,MageMovCost|IsPointer,TerrainAvoBonus|IsPointer,TerrainDefBonus|IsPointer,TerrainResBonus|IsPointer,0x0
Rogue,RogueName,RogueDesc,0x33,Thief,0x29,0x0,RogueCC,0x9,24,7,8,10,5,9,8,6,80,25,25,25,25,25,25,3,45,20,45,35,20,35,75,0,0,0,0,0,0,Steal|CanUseLockpick|IsPromoted,BRank,NoRank,NoRank,NoRank,NoRank,NoRank,NoRank,NoRank,RogueAnimPoint|IsPointer,FootMovCost|IsPointer,FootMovCost|IsPointer,FootMovCost|IsPointer,TerrainAvoBonus|IsPointer,TerrainDefBonus|IsPointer,TerrainResBonus|IsPointer,0x0
Gorgon Egg,0x300,0x34c,0x34,0x0,0x2a,0x0,0xa6,0x0,50,0,0,0,10,10,6,0,60,25,25,25,25,25,25,3,100,0,0,0,0,0,0,0,0,0,0,0,0,0x0,NoRank,NoRank,NoRank,NoRank,NoRank,NoRank,NoRank,NoRank,0x0,0x0,0x0,0x0,0x880c479,0x880c4ba,0x880c4fb,MonsterType
Axe Cavalier,AxeCavalierName,CavalierDesc,0x35,AxePaladin,0x2c,0x0,AxeCavalierCC,0x22,23,7,8,8,4,5,11,7,80,25,25,25,25,25,25,3,65,40,55,40,40,30,45,0,0,0,0,0,0,MountedAid|HasCanto|HorseIcon|UnlockCavalry,NoRank,NoRank,DRank,NoRank,NoRank,NoRank,NoRank,NoRank,CavalierAnimPoint|IsPointer,CavMovCost|IsPointer,CavMovCost|IsPointer,CavMovCost|IsPointer,TerrainAvoBonus|IsPointer,TerrainDefBonus|IsPointer,TerrainResBonus|IsPointer,HorseType
Axe Paladin,AxePaladinName,PaladinDesc,0x36,AxeCavalier,0x2d,0x0,AxePaladinCC,0x22,27,9,10,10,7,6,13,8,80,25,25,25,25,25,25,3,45,25,23,30,20,30,45,0,0,0,0,0,0,MountedAid|HasCanto|HorseIcon|IsPromoted|UnlockCavalry,NoRank,NoRank,CRank,NoRank,NoRank,NoRank,NoRank,NoRank,PaladinAnimPoint|IsPointer,PaladinMovCost|IsPointer,PaladinMovCost|IsPointer,PaladinMovCost|IsPointer,TerrainAvoBonus|IsPointer,TerrainDefBonus|IsPointer,TerrainResBonus|IsPointer,HorseType
Lance Cavalier_F,LanceCavalierName,CavalierDesc,0x37,LancePaladin_F,0x30,0x0,LanceCavalierCC,0x28,18,5,3,3,6,0,8,7,60,25,25,25,25,25,25,3,55,40,30,20,25,15,45,2,1,1,1,2,1,0x0,NoRank,DRank,NoRank,NoRank,NoRank,NoRank,NoRank,NoRank,CavalierFAnimPoint|IsPointer,CavMovCost|IsPointer,CavMovCost|IsPointer,CavMovCost|IsPointer,TerrainAvoBonus|IsPointer,TerrainDefBonus|IsPointer,TerrainResBonus|IsPointer,HorseType
Lance Paladin_F,LancePaladinName,PaladinDesc,0x38,LanceCavalier_F,0x2f,0x0,LancePaladinCC,0x27,28,8,5,6,5,0,10,8,60,25,25,25,25,25,25,3,55,40,30,20,25,15,45,4,1,2,2,2,2,CritBoost|IsPromoted,NoRank,CRank,NoRank,NoRank,NoRank,NoRank,NoRank,NoRank,PaladinFAnimPoint|IsPointer,PaladinMovCost|IsPointer,PaladinMovCost|IsPointer,PaladinMovCost|IsPointer,TerrainAvoBonus|IsPointer,TerrainDefBonus|IsPointer,TerrainResBonus|IsPointer,HorseType
Pupil (3),0x2d9,0x325,0x39,0x7f,0x2e,0x0,0x7c,0x29,20,5,4,4,5,5,5,6,60,25,25,25,25,25,25,3,55,55,40,35,10,30,40,4,2,0,1,3,3,IsPromoted,NoRank,NoRank,NoRank,NoRank,NoRank,CRank,ERank,DRank,0x0,0x880ba10,0x880be61,0x880c271,0x880c479,0x880c4ba,0x880c4fb,0x0
Recruit (3),0x2da,0x332,0x3a,0x37,0x2c,0x0,0x8a,0x28,23,6,6,11,7,6,6,6,60,25,25,25,25,25,25,3,75,45,40,40,25,35,40,2,2,1,1,2,1,IsPromoted|CritBoost,NoRank,CRank,NoRank,NoRank,NoRank,NoRank,NoRank,NoRank,0x0,0x880b849,0x880bc9a,0x880c0aa,0x880c479,0x880c4ba,0x880c4fb,0x0
Manakete,0x2d7,0x323,0x3b,0x1f,0x2f,0x0,0xa9,0x1f,20,0,0,2,1,1,25,3,60,25,25,25,25,25,25,3,95,40,30,20,0,10,25,0,0,0,0,0,0,UseMonsterWeapons|IsPromoted,NoRank,NoRank,NoRank,NoRank,NoRank,NoRank,NoRank,NoRank,0x0,0x880bb96,0x880bfe7,0x880c3f7,0x880c53c,0x880c57d,0x880c5be,DragonType
Manakete (F),0x2d7,0x323,0x3c,0x20,0x30,0x0,0x8f,0x1f,12,0,0,2,2,2,5,6,60,25,25,25,25,25,25,2,95,40,30,20,0,10,25,0,0,0,0,0,0,UseMonsterWeapons,NoRank,NoRank,NoRank,NoRank,NoRank,NoRank,NoRank,NoRank,0x0,0x880bb96,0x880bfe7,0x880c3f7,0x880c53c,0x880c57d,0x880c5be,DragonType
Journeyman (1),0x2d8,0x324,0x3d,0x0,0x2d,0x0,0x74,0x27,14,3,0,1,1,0,8,4,60,25,25,25,25,25,25,1,85,55,40,32,18,20,40,0,0,0,0,0,0,TraineeLevelCap,NoRank,NoRank,ERank,NoRank,NoRank,NoRank,NoRank,NoRank,0x0,0x880b8cb,0x880bd1c,0x880c12c,0x880c479,0x880c4ba,0x880c4fb,0x0
Pupil (1),0x2d9,0x325,0x3e,0x0,0x2e,0x0,0x7c,0x29,13,1,0,1,0,3,5,4,60,25,25,25,25,25,25,1,55,55,40,35,10,30,40,0,0,0,0,0,0,TraineeLevelCap,NoRank,NoRank,NoRank,NoRank,NoRank,ERank,NoRank,NoRank,0x0,0x880ba10,0x880be61,0x880c271,0x880c479,0x880c4ba,0x880c4fb,0x0
Fighter,FighterName,FighterDesc,0x3f,Warrior,0x31,0x0,FighterCC,0x23,26,9,6,4,4,0,13,5,80,25,25,25,25,25,25,3,85,60,45,35,25,10,45,0,0,0,0,0,0,0,NoRank,NoRank,DRank,NoRank,NoRank,NoRank,NoRank,NoRank,FighterAnimPoint|IsPointer,FighterMovCost|IsPointer,FighterMovCost|IsPointer,FighterMovCost|IsPointer,TerrainAvoBonus|IsPointer,TerrainDefBonus|IsPointer,TerrainResBonus|IsPointer,0x0
Warrior,WarriorName,WarriorDesc,0x40,Fighter,0x32,0x0,WarriorCC,0x25,29,10,9,7,6,1,14,6,80,25,25,25,25,25,25,3,60,45,25,20,20,10,45,0,0,0,0,0,0,IsPromoted,NoRank,NoRank,BRank,CRank,NoRank,NoRank,NoRank,NoRank,WarriorAnimPoint|IsPointer,FighterMovCost|IsPointer,FighterMovCost|IsPointer,FighterMovCost|IsPointer,TerrainAvoBonus|IsPointer,TerrainDefBonus|IsPointer,TerrainResBonus|IsPointer,0x0
Brigand,0x2de,0x329,0x41,0x43,0x33,0x0,0x8b,0x0,24,6,5,6,3,0,12,5,60,25,25,25,25,25,25,3,75,50,30,45,35,10,45,2,1,1,0,1,1,0x0,NoRank,NoRank,DRank,NoRank,NoRank,NoRank,NoRank,NoRank,BrigandAnimPoint|IsPointer,BrigandMovCost|IsPointer,BrigandMovCost|IsPointer,BrigandMovCost|IsPointer,TerrainAvoBonus|IsPointer,TerrainDefBonus|IsPointer,TerrainResBonus|IsPointer,0x0
Pirate,0x2ee,0x33a,0x42,0x43,0x34,0x0,0x8c,0x24,19,4,2,6,3,0,10,5,60,25,25,25,25,25,25,3,75,50,35,25,10,13,15,2,2,0,1,1,0,0x0,NoRank,NoRank,DRank,NoRank,NoRank,NoRank,NoRank,NoRank,PirateAnimPoint|IsPointer,PirateMovCost|IsPointer,PirateMovCost|IsPointer,PirateMovCost|IsPointer,TerrainAvoBonus|IsPointer,TerrainDefBonus|IsPointer,TerrainResBonus|IsPointer,0x0
Berserker,0x2df,0x32a,0x43,0x42,0x35,0x0,0x8d,0x26,24,7,6,7,6,0,13,6,60,25,25,25,25,25,25,3,75,50,35,25,10,13,15,4,1,1,1,2,2,IsPromoted|CritBoost,NoRank,NoRank,CRank,NoRank,NoRank,NoRank,NoRank,NoRank,BerserkerAnimPoint|IsPointer,BerserkerMovCost|IsPointer,BerserkerMovCost|IsPointer,BerserkerMovCost|IsPointer,TerrainAvoBonus|IsPointer,TerrainDefBonus|IsPointer,TerrainResBonus|IsPointer,0x0
Acolyte,AcolyteName,AcolyteDesc,0x44,Bishop,0x36,0x0,AcolyteCC,0x17,23,0,7,5,1,5,6,5,60,25,25,25,25,25,25,3,55,0,60,30,10,50,45,0,0,0,0,0,0,0x0,NoRank,NoRank,NoRank,NoRank,NoRank,NoRank,DRank,NoRank,AcolyteAnimPoint|IsPointer,MageMovCost|IsPointer,MageMovCost|IsPointer,MageMovCost|IsPointer,TerrainAvoBonus|IsPointer,TerrainDefBonus|IsPointer,TerrainResBonus|IsPointer,0x0
Priest,PriestName,PriestDesc,0x45,Bishop,0x37,0x0,AcolyteCC,0x15,19,0,4,5,2,7,4,5,80,25,25,25,25,25,25,3,0,0,0,0,0,0,45,0,0,0,0,0,0,0,NoRank,NoRank,NoRank,NoRank,DRank,NoRank,NoRank,NoRank,PlaceholderAnimPoint|IsPointer,MageMovCost|IsPointer,MageMovCost|IsPointer,MageMovCost|IsPointer,TerrainAvoBonus|IsPointer,TerrainDefBonus|IsPointer,TerrainResBonus|IsPointer,0x0
Bard,0x2e5,0x331,0x46,0x0,0x38,0x0,0x8b,0x0,14,1,2,7,1,0,6,5,60,25,25,25,25,25,25,2,45,45,30,60,0,13,70,0,0,0,0,0,0,CanPlay,NoRank,NoRank,NoRank,NoRank,NoRank,NoRank,NoRank,NoRank,0x0,0x880b849,0x880bc9a,0x880c0aa,0x880c479,0x880c4ba,0x880c4fb,0x0
Recruit (1),0x2da,0x332,0x47,0x0,0x2c,0x0,0x8a,0x28,13,3,0,1,0,1,6,4,60,25,25,25,25,25,25,1,75,45,40,40,25,35,40,0,0,0,0,0,0,TraineeLevelCap,NoRank,ERank,NoRank,NoRank,NoRank,NoRank,NoRank,NoRank,0x0,0x880b849,0x880bc9a,0x880c0aa,0x880c479,0x880c4ba,0x880c4fb,0x0
Pegasus Knight,PegasusKnightName,PegasusKnightDesc,0x48,FalcoKnight,0x39,0x0,PegasusKnightCC,0x10,22,7,7,8,3,6,7,7,80,25,25,25,25,25,25,3,65,40,55,55,25,35,60,0,0,0,0,0,0,MountedAid|HasCanto|PegIcon,NoRank,DRank,NoRank,NoRank,NoRank,NoRank,NoRank,NoRank,PegasusKnightAnimPoint|IsPointer,FlierMovCost|IsPointer,FlierMovCost|IsPointer,FlierSnowMovCost,FlierAvoBonus|IsPointer,FlierDefBonus|IsPointer,FlierResBonus|IsPointer,FlierType
FalcoKnight,FalcoKnightName,FalcoKnightDesc,0x49,PegasusKnight,0x3a,0x0,FalcoKnightCC,0x11,25,8,11,10,5,9,9,8,80,25,25,25,25,25,25,3,70,25,30,30,20,40,60,0,0,0,0,0,0,MountedAid|HasCanto|PegIcon|IsPromoted,CRank,CRank,NoRank,NoRank,DRank,NoRank,NoRank,NoRank,FalcoKnightAnimPoint|IsPointer,FlierMovCost|IsPointer,FlierMovCost|IsPointer,FlierSnowMovCost,FlierAvoBonus|IsPointer,FlierDefBonus|IsPointer,FlierDefBonus|IsPointer,FlierType
Cleric,ClericName,ClericDesc,0x4a,Bishop_F,0x3b,0x0,AcolyteCC,0x16,19,0,4,5,2,7,4,5,80,25,25,25,25,25,25,3,0,0,0,0,25,0,75,0,0,0,0,0,0,0,NoRank,NoRank,NoRank,NoRank,DRank,NoRank,NoRank,NoRank,PlaceholderAnimPoint|IsPointer,MageMovCost|IsPointer,MageMovCost|IsPointer,MageMovCost|IsPointer,TerrainAvoBonus|IsPointer,TerrainDefBonus|IsPointer,TerrainResBonus|IsPointer,0x0
Troubadour,0x2ea,0x336,0x4b,0x4c,0x3c,0x0,0x82,0x19,15,1,1,3,2,5,5,6,60,25,25,25,25,25,25,2,50,25,35,55,12,40,75,0,0,0,0,0,0,MountedAid|HasCanto|HorseIcon,NoRank,NoRank,NoRank,NoRank,DRank,NoRank,NoRank,NoRank,0x0,0x880ba92,0x880bee3,0x880c2f3,0x880c479,0x880c4ba,0x880c4fb,HorseType
Valkyrie,0x2eb,0x337,0x4c,0x4b,0x3d,0x0,0x83,0x1a,19,4,3,5,3,8,6,7,60,25,25,25,25,25,25,3,45,35,25,45,10,40,40,3,2,1,0,2,3,MountedAid|HasCanto|HorseIcon|IsPromoted,NoRank,NoRank,NoRank,NoRank,DRank,NoRank,DRank,NoRank,0x0,0x880bad3,0x880bf24,0x880c334,0x880c479,0x880c4ba,0x880c4fb,HorseType
Dancer,0x2ec,0x338,0x4d,0x0,0x3e,0x0,0x8b,0x2a,14,1,2,7,0,1,4,5,60,25,25,25,25,25,25,2,45,45,30,60,0,13,70,0,0,0,0,0,0,CanDance,NoRank,NoRank,NoRank,NoRank,NoRank,NoRank,NoRank,NoRank,0x0,0x880b849,0x880bc9a,0x880c0aa,0x880c479,0x880c4ba,0x880c4fb,0x0
Soldier,SoldierName,SoldierDesc,0x4e,Dragoon,0x3f,0x0,SoldierCC,0x0,28,7,8,4,3,1,9,5,80,25,25,25,25,25,25,3,95,65,60,30,20,25,45,0,0,0,0,0,0,0,NoRank,DRank,NoRank,NoRank,NoRank,NoRank,NoRank,NoRank,SoldierAnimPoint|IsPointer,FootMovCost|IsPointer,FootMovCost|IsPointer,FootMovCost|IsPointer,TerrainAvoBonus|IsPointer,TerrainDefBonus|IsPointer,TerrainResBonus|IsPointer,0x0
Necromancer,0x2ef,0x33b,0x4f,0x2d,0x40,0x0,0x7f,0x2b,18,9,4,5,3,8,7,6,80,25,25,25,25,25,25,3,45,55,30,25,10,35,20,0,0,0,0,0,0,IsPromoted|Summoning,NoRank,NoRank,NoRank,NoRank,SRank,NoRank,NoRank,SRank,0x0,0x880ba10,0x880be61,0x880c271,0x880c479,0x880c4ba,0x880c4fb,0x0
Fleet,0x2f0,0x33c,0x50,0x0,0x41,0x0,0x92,0x0,19,1,1,2,5,0,25,3,60,25,25,25,25,25,25,3,75,35,40,32,15,15,15,0,0,0,0,0,0,0x0,NoRank,NoRank,NoRank,CRank,NoRank,NoRank,NoRank,NoRank,0x0,0x880b98e,0x880bddf,0x880c1ef,0x880c479,0x880c4ba,0x880c4fb,0x0
Angel,0x2f1,0x33d,0x51,0x0,0x42,0x0,0x98,0x1e,1,5,2,4,0,0,11,5,1,25,25,25,0,0,25,3,0,55,35,45,15,15,50,0,0,0,0,0,0,0x0,NoRank,NoRank,CRank,NoRank,NoRank,NoRank,NoRank,NoRank,0x0,0x880bb96,0x880bfe7,0x880c3f7,0x880c53c,0x880c57d,0x880c5be,0x0
Thief_F,ThiefName,ThiefDesc,0x52,Rogue_F,0x43,0x0,ThiefCC,0x0,20,5,9,9,3,6,6,6,80,25,25,25,25,25,25,3,45,20,45,35,20,35,75,0,0,0,0,0,0,Steal|CanUseLockpick,DRank,NoRank,NoRank,NoRank,NoRank,NoRank,NoRank,NoRank,ThiefFAnimPoint|IsPointer,FootMovCost|IsPointer,FootMovCost|IsPointer,FootMovCost|IsPointer,TerrainAvoBonus|IsPointer,TerrainDefBonus|IsPointer,TerrainResBonus|IsPointer,0x0
Rogue_F,RogueName,RogueDesc,0x53,Thief_F,0x44,0x0,RogueCC,0x0,24,7,12,12,5,9,8,6,80,25,25,25,25,25,25,3,45,20,30,30,20,35,75,0,0,0,0,0,0,Steal|CanUseLockpick|IsPromoted,BRank,NoRank,NoRank,NoRank,NoRank,NoRank,NoRank,NoRank,RogueFAnimPoint|IsPointer,FootMovCost|IsPointer,FootMovCost|IsPointer,FootMovCost|IsPointer,TerrainAvoBonus|IsPointer,TerrainDefBonus|IsPointer,TerrainResBonus|IsPointer,0x0
Arch Knight,ArchKnightName,ArchKnightDesc,0x54,BowKnight,0x45,0x0,BowPaladinCC,0x0,25,9,10,9,5,5,8,8,80,25,25,25,25,25,25,3,55,25,35,30,20,20,45,0,0,0,0,0,0,MountedAid|HasCanto|HorseIcon|IsPromoted,NoRank,NoRank,NoRank,BRank,NoRank,NoRank,NoRank,NoRank,PaladinAnimPoint|IsPointer,PaladinMovCost|IsPointer,PaladinMovCost|IsPointer,PaladinMovCost|IsPointer,TerrainAvoBonus|IsPointer,TerrainDefBonus|IsPointer,TerrainResBonus|IsPointer,HorseType
Arch Knight_F,ArchKnightName,ArchKnightDesc,0x55,BowKnight_F,0x46,0x0,BowPaladinCC,0x0,25,9,10,9,5,5,8,8,80,25,25,25,25,25,25,3,55,25,35,30,20,20,45,0,0,0,0,0,0,MountedAid|HasCanto|HorseIcon|IsPromoted,NoRank,NoRank,NoRank,BRank,NoRank,NoRank,NoRank,NoRank,PaladinFAnimPoint|IsPointer,PaladinMovCost|IsPointer,PaladinMovCost|IsPointer,PaladinMovCost|IsPointer,TerrainAvoBonus|IsPointer,TerrainDefBonus|IsPointer,TerrainResBonus|IsPointer,HorseType
Soldier_F,SoldierName,SoldierDesc,0x56,Dragoon,0x47,0x0,SoldierCC,0x0,26,6,7,3,2,1,9,5,80,25,25,25,25,25,25,3,70,40,40,25,15,15,45,0,0,0,0,0,0,0,NoRank,DRank,NoRank,NoRank,NoRank,NoRank,NoRank,NoRank,SoldierFAnimPoint|IsPointer,FootMovCost|IsPointer,FootMovCost|IsPointer,FootMovCost|IsPointer,TerrainAvoBonus|IsPointer,TerrainDefBonus|IsPointer,TerrainResBonus|IsPointer,0x0
Dragoon,DragoonName,DragoonDesc,0x57,Soldier,0x48,0x0,SoldierCC,0x0,31,10,9,6,4,2,10,6,80,25,25,25,25,25,25,3,70,40,40,25,15,15,45,0,0,0,0,0,0,IsPromoted,NoRank,BRank,NoRank,NoRank,NoRank,NoRank,NoRank,NoRank,DragoonAnimPoint|IsPointer,FootMovCost|IsPointer,FootMovCost|IsPointer,FootMovCost|IsPointer,TerrainAvoBonus|IsPointer,TerrainDefBonus|IsPointer,TerrainResBonus|IsPointer,0x0
Axe Cavalier_F,AxeCavalierName,CavalierDesc,0x58,AxePaladin_F,0x4b,0x0,AxeCavalierCC,0xc,23,7,6,5,5,2,11,7,80,25,25,25,25,25,25,3,45,25,23,30,20,30,45,0,0,0,0,0,0,MountedAid|HasCanto|HorseIcon|UnlockCavalry,NoRank,NoRank,DRank,NoRank,NoRank,NoRank,NoRank,NoRank,CavalierFAnimPoint|IsPointer,CavMovCost|IsPointer,CavMovCost|IsPointer,CavMovCost|IsPointer,TerrainAvoBonus|IsPointer,TerrainDefBonus|IsPointer,TerrainResBonus|IsPointer,HorseType
Axe Paladin_F,AxePaladinName,PaladinDesc,0x59,AxeCavalier_F,0x4f,0x0,AxePaladinCC,0x22,27,9,8,8,7,6,13,8,80,25,25,25,25,25,25,3,45,25,23,30,20,30,45,0,0,0,0,0,0,MountedAid|HasCanto|HorseIcon|IsPromoted|UnlockCavalry,NoRank,NoRank,CRank,NoRank,NoRank,NoRank,NoRank,NoRank,PaladinFAnimPoint|IsPointer,PaladinMovCost|IsPointer,PaladinMovCost|IsPointer,PaladinMovCost|IsPointer,TerrainAvoBonus|IsPointer,TerrainDefBonus|IsPointer,TerrainResBonus|IsPointer,HorseType
Acolyte_F,AcolyteName,AcolyteDesc,0x5a,Bishop,0x4c,0x0,AcolyteCC,0x0,20,0,7,5,1,3,6,5,60,25,25,25,25,25,25,3,40,35,30,20,10,30,45,0,0,0,0,0,0,0x0,NoRank,NoRank,NoRank,NoRank,NoRank,NoRank,DRank,NoRank,AcolyteFAnimPoint|IsPointer,MageMovCost|IsPointer,MageMovCost|IsPointer,MageMovCost|IsPointer,TerrainAvoBonus|IsPointer,TerrainDefBonus|IsPointer,TerrainResBonus|IsPointer,0x0
Iron Mage,IronMageName,IronMageDesc,0x5b,0x5c,0x50,0x0,ArmorKnightCC,0x0,25,3,5,2,10,0,10,4,60,25,25,25,25,25,25,3,70,20,45,30,45,10,30,0,0,0,0,0,0,0x0,NoRank,NoRank,NoRank,NoRank,NoRank,DRank,NoRank,NoRank,IronMageAnimPoint|IsPointer,ArmorMovCost|IsPointer,ArmorMovCost|IsPointer,ArmorMovCost|IsPointer,TerrainAvoBonus|IsPointer,TerrainDefBonus|IsPointer,TerrainResBonus|IsPointer,ArmorType
Baron,0x2fa,0x346,0x5c,0x5b,0x4d,0x0,0xa1,0x0,21,6,12,12,5,2,9,5,60,25,25,25,25,25,25,3,65,28,35,35,16,22,30,0,0,0,0,0,0,0x0,NoRank,NoRank,NoRank,NoRank,NoRank,NoRank,NoRank,NoRank,0x0,0x880bb55,0x880bfa6,0x880c3b6,0x880c479,0x880c4ba,0x880c4fb,MonsterType
Arcanist,ArcanistName,ArcanistDesc,0x5d,0x5e,0x52,0x0,ArcanistCC,0x0,23,1,6,10,1,2,8,5,60,25,25,25,25,25,25,3,55,10,55,50,25,30,60,0,0,0,0,0,0,0x0,NoRank,NoRank,NoRank,NoRank,NoRank,NoRank,NoRank,DRank,ArcanistAnimPoint|IsPointer,MageMovCost|IsPointer,MageMovCost|IsPointer,MageMovCost|IsPointer,TerrainAvoBonus|IsPointer,TerrainDefBonus|IsPointer,TerrainResBonus|IsPointer,0x0
Griffon Rider,GriffonRiderName,GriffonRiderDesc,0x5e,0x5d,0x54,0x0,GriffonRiderCC,0x0,23,7,8,7,4,3,6,7,80,25,25,25,25,25,25,3,65,55,65,35,30,35,30,0,0,0,0,0,0,MountedAid|HasCanto,NoRank,NoRank,NoRank,DRank,NoRank,NoRank,NoRank,NoRank,0x0,FlierMovCost|IsPointer,FlierMovCost|IsPointer,FlierSnowMovCost,FlierAvoBonus|IsPointer,FlierDefBonus|IsPointer,FlierDefBonus|IsPointer,FlierType
Crate,CrateName,CrateDesc,0x5f,0x60,0x56,0x0,CrateCC,0x0,30,0,0,0,10,0,4,0,60,25,25,25,25,25,25,3,50,45,32,30,10,28,30,0,0,0,0,0,0,0x0,NoRank,NoRank,NoRank,NoRank,NoRank,NoRank,NoRank,NoRank,0x0,FootMovCost|IsPointer,FootMovCost|IsPointer,FootMovCost|IsPointer,TerrainAvoBonus|IsPointer,TerrainDefBonus|IsPointer,TerrainResBonus|IsPointer,0x0
Arch Mogall,0x2fe,0x34a,0x60,0x5f,0x51,0x0,0xa5,0x0,17,6,3,3,3,7,5,5,60,25,25,25,25,25,25,3,45,55,30,25,10,28,20,0,0,0,0,0,0,UseMonsterWeapons|IsPromoted,NoRank,NoRank,NoRank,NoRank,NoRank,NoRank,NoRank,ARank,0x0,0x880bb96,0x880bfe7,0x880c3f7,0x880c53c,0x880c57d,0x880c5be,MonsterType
Gorgon,0x2ff,0x34b,0x61,0x5f,0x52,0x0,0xa6,0x0,19,8,3,4,5,7,11,5,60,25,25,25,25,25,25,3,45,60,30,25,10,40,30,0,0,0,0,0,0,UseMonsterWeapons|IsPromoted,NoRank,NoRank,NoRank,NoRank,NoRank,NoRank,NoRank,ARank,0x0,0x880ba10,0x880be61,0x880c271,0x880c479,0x880c4ba,0x880c4fb,MonsterType
Gorgon Egg,0x300,0x34c,0x62,0x0,0x53,0x0,0xa6,0x0,50,0,0,0,10,10,6,0,60,25,25,25,25,25,25,3,100,0,0,0,0,0,0,0,0,0,0,0,0,0x0,NoRank,NoRank,NoRank,NoRank,NoRank,NoRank,NoRank,NoRank,0x0,0x0,0x0,0x0,0x880c479,0x880c4ba,0x880c4fb,MonsterType
Gargoyle,0x301,0x34d,0x63,0x64,0x54,0x0,0xa7,0x0,19,6,3,6,6,0,8,5,60,25,25,25,25,25,25,3,80,45,35,35,25,15,10,0,0,0,0,0,0,0x0,NoRank,CRank,NoRank,NoRank,NoRank,NoRank,NoRank,NoRank,0x0,0x880bb96,0x880bfe7,0x880c3f7,0x880c53c,0x880c57d,0x880c5be,MonsterType
Wagon,0x302,0x34e,0x64,0x63,0x55,0x0,0xa8,0x0,23,8,5,8,9,1,11,5,60,25,25,25,25,25,25,3,75,40,30,25,20,17,10,0,0,0,0,0,0,IsPromoted,NoRank,ARank,NoRank,NoRank,NoRank,NoRank,NoRank,NoRank,0x0,0x880bb96,0x880bfe7,0x880c3f7,0x880c53c,0x880c57d,0x880c5be,MonsterType
Dracozombie,0x303,0x34f,0x65,0x1f,0x56,0x0,0xa9,0x0,53,1,0,1,0,3,25,5,100,25,25,25,25,25,25,3,85,35,20,20,30,10,25,0,0,0,0,0,0,UseMonsterWeapons|IsPromoted,NoRank,NoRank,NoRank,NoRank,NoRank,NoRank,NoRank,NoRank,0x0,0x880bb96,0x880bfe7,0x880c3f7,0x880c53c,0x880c57d,0x880c5be,MonsterType
Demon King,0x304,0x350,0x66,0x1f,0x57,0x0,0xaa,0x0,120,23,20,18,25,25,25,3,120,25,25,25,25,25,25,5,95,40,30,20,20,20,25,0,0,0,0,0,0,UseMonsterWeapons|IsPromoted,NoRank,NoRank,NoRank,NoRank,NoRank,NoRank,NoRank,NoRank,0x0,0x880bbd7,0x880bbd7,0x880bbd7,0x880c479,0x880c4ba,0x880c4fb,MonsterType
Archer on Ballista,0x0,0x0,0x67,0x0,0x58,0x0,0x0,0x0,0,0,0,0,0,0,0,5,0,0,0,0,0,0,0,3,0,0,0,0,0,10,0,0,0,0,0,0,0,0x0,NoRank,NoRank,NoRank,NoRank,NoRank,NoRank,NoRank,NoRank,0x0,0x0,0x0,0x0,0x880c479,0x880c4ba,0x880c4fb,0x0
Archer on Iron Ballista,0x0,0x0,0x68,0x0,0x59,0x0,0x0,0x0,0,0,0,0,0,0,0,5,0,0,0,0,0,0,0,0,0,0,0,0,0,0,0,0,0,0,0,0,0,0x0,NoRank,NoRank,NoRank,NoRank,NoRank,NoRank,NoRank,NoRank,0x0,0x0,0x0,0x0,0x880c479,0x880c4ba,0x880c4fb,0x0
Archer on Killer Ballista,0x0,0x0,0x69,0x0,0x5a,0x0,0x0,0x0,0,0,0,0,0,0,0,5,0,0,0,0,0,0,0,0,0,0,0,0,0,0,0,0,0,0,0,0,0,0x0,NoRank,NoRank,NoRank,NoRank,NoRank,NoRank,NoRank,NoRank,0x0,0x0,0x0,0x0,0x880c479,0x880c4ba,0x880c4fb,0x0
Ballista,0x0,0x0,0x6a,0x0,0x5b,0x0,0x0,0x0,0,0,0,0,0,0,0,5,0,0,0,0,0,0,0,0,0,0,0,0,0,0,0,0,0,0,0,0,0,0x0,NoRank,NoRank,NoRank,NoRank,NoRank,NoRank,NoRank,NoRank,0x0,0x0,0x0,0x0,0x880c479,0x880c4ba,0x880c4fb,0x0
Iron Ballista,0x0,0x0,0x6b,0x0,0x5c,0x0,0x0,0x0,0,0,0,0,0,0,0,5,0,0,0,0,0,0,0,0,0,0,0,0,0,0,0,0,0,0,0,0,0,0x0,NoRank,NoRank,NoRank,NoRank,NoRank,NoRank,NoRank,NoRank,0x0,0x0,0x0,0x0,0x880c479,0x880c4ba,0x880c4fb,0x0
Killer Ballista,0x0,0x0,0x6c,0x0,0x5d,0x0,0x0,0x0,0,0,0,0,0,0,0,5,0,0,0,0,0,0,0,0,0,0,0,0,0,0,0,0,0,0,0,0,0,0x0,NoRank,NoRank,NoRank,NoRank,NoRank,NoRank,NoRank,NoRank,0x0,0x0,0x0,0x0,0x880c479,0x880c4ba,0x880c4fb,0x0
Civilian,0x305,0x351,0x6d,0x0,0x5e,0x1,0x5e,0x0,8,1,0,0,0,0,4,5,60,25,25,25,25,25,25,1,10,0,0,0,0,10,0,0,0,0,0,0,0,0x0,NoRank,NoRank,NoRank,NoRank,NoRank,NoRank,NoRank,NoRank,0x0,0x880ba51,0x880bea2,0x880c2b2,0x880c479,0x880c4ba,0x880c4fb,0x0
Civilian (F),0x305,0x351,0x6e,0x0,0x5f,0x1,0x63,0x0,7,0,0,0,0,1,3,5,60,25,25,25,25,25,25,1,10,0,0,0,0,10,0,0,0,0,0,0,0,0x0,NoRank,NoRank,NoRank,NoRank,NoRank,NoRank,NoRank,NoRank,0x0,0x880ba51,0x880bea2,0x880c2b2,0x880c479,0x880c4ba,0x880c4fb,0x0
Civilian,0x305,0x351,0x6f,0x0,0x60,0x1,0x59,0x0,10,0,1,0,0,2,6,5,60,25,25,25,25,25,25,1,10,0,0,0,0,10,0,0,0,0,0,0,0,0x0,NoRank,NoRank,NoRank,NoRank,NoRank,NoRank,NoRank,NoRank,0x0,0x880ba51,0x880bea2,0x880c2b2,0x880c479,0x880c4ba,0x880c4fb,0x0
Civilian (F),0x305,0x351,0x70,0x0,0x61,0x1,0x62,0x0,9,0,1,0,0,1,4,5,60,25,25,25,25,25,25,1,10,0,0,0,0,10,0,0,0,0,0,0,0,0x0,NoRank,NoRank,NoRank,NoRank,NoRank,NoRank,NoRank,NoRank,0x0,0x880ba51,0x880bea2,0x880c2b2,0x880c479,0x880c4ba,0x880c4fb,0x0
Civilian,0x305,0x351,0x71,0x0,0x60,0x1,0x5c,0x0,12,3,0,0,2,0,7,5,60,25,25,25,25,25,25,1,10,0,0,0,0,10,0,0,0,0,0,0,0,0x0,NoRank,NoRank,NoRank,NoRank,NoRank,NoRank,NoRank,NoRank,0x0,0x880ba51,0x880bea2,0x880c2b2,0x880c479,0x880c4ba,0x880c4fb,0x0
Civilian (F),0x305,0x351,0x72,0x0,0x61,0x1,0x61,0x0,10,0,1,0,1,1,5,5,60,25,25,25,25,25,25,1,10,0,0,0,0,10,0,0,0,0,0,0,0,0x0,NoRank,NoRank,NoRank,NoRank,NoRank,NoRank,NoRank,NoRank,0x0,0x880ba51,0x880bea2,0x880c2b2,0x880c479,0x880c4ba,0x880c4fb,0x0
Peer,0x0,0x0,0x73,0x0,0x62,0x1,0x1,0x0,10,0,0,0,0,0,8,5,60,25,25,25,25,25,25,1,10,0,0,0,0,10,0,0,0,0,0,0,0,0x0,NoRank,NoRank,NoRank,NoRank,NoRank,NoRank,NoRank,NoRank,0x0,0x880ba51,0x880bea2,0x880c2b2,0x880c479,0x880c4ba,0x880c4fb,0x0
Queen,0x307,0x353,0x74,0x0,0x63,0x1,0x1,0x0,10,0,0,0,0,0,5,5,60,25,25,25,25,25,25,1,10,0,0,0,0,10,0,0,0,0,0,0,0,0x0,NoRank,NoRank,NoRank,NoRank,NoRank,NoRank,NoRank,NoRank,0x0,0x880ba51,0x880bea2,0x880c2b2,0x880c479,0x880c4ba,0x880c4fb,0x0
Prince,0x0,0x0,0x75,0x0,0x64,0x1,0x1,0x0,10,0,0,0,0,0,7,5,60,25,25,25,25,25,25,1,10,0,0,0,0,10,0,0,0,0,0,0,0,0x0,NoRank,NoRank,NoRank,NoRank,NoRank,NoRank,NoRank,NoRank,0x0,0x880ba51,0x880bea2,0x880c2b2,0x880c479,0x880c4ba,0x880c4fb,0x0
Queen,0x307,0x353,0x76,0x0,0x65,0x1,0x1,0x0,10,0,0,0,0,0,6,5,60,25,25,25,25,25,25,1,10,0,0,0,0,10,0,0,0,0,0,0,0,0x0,NoRank,NoRank,NoRank,NoRank,NoRank,NoRank,NoRank,NoRank,0x0,0x880ba51,0x880bea2,0x880c2b2,0x880c479,0x880c4ba,0x880c4fb,0x0
(empty),0x0,0x0,0x77,0x0,0x66,0x0,0x0,0x0,0,0,0,0,0,0,0,5,0,0,0,0,0,0,0,0,0,0,0,0,0,0,0,0,0,0,0,0,0,0x0,NoRank,NoRank,NoRank,NoRank,NoRank,NoRank,NoRank,NoRank,0x0,0x0,0x0,0x0,0x880c479,0x880c4ba,0x880c4fb,0x0
Fallen Prince,0x0,0x0,0x78,0x0,0x67,0x1,0x1,0x0,10,0,0,0,0,0,25,5,60,25,25,25,25,25,25,1,10,0,0,0,0,10,0,0,0,0,0,0,0,0x0,NoRank,NoRank,NoRank,NoRank,NoRank,NoRank,NoRank,NoRank,0x0,0x880ba51,0x880bea2,0x880c2b2,0x880c479,0x880c4ba,0x880c4fb,0x0
Tent,0x0,0x0,0x79,0x0,0x68,0x1,0x1,0x0,15,0,3,3,3,0,25,0,60,25,25,25,25,25,25,1,10,0,0,0,0,10,0,0,0,0,0,0,0,CannotControl|IsSupply,NoRank,NoRank,NoRank,NoRank,NoRank,NoRank,NoRank,NoRank,0x0,0x880ba51,0x880bea2,0x880c2b2,0x880c479,0x880c4ba,0x880c4fb,0x0
Pontifex,0x306,0x352,0x7a,0x0,0x69,0x1,0x1,0x0,10,0,0,0,0,0,8,5,60,25,25,25,25,25,25,1,10,0,0,0,0,10,0,0,0,0,0,0,0,0x0,NoRank,NoRank,NoRank,NoRank,NoRank,NoRank,NoRank,NoRank,0x0,0x880ba51,0x880bea2,0x880c2b2,0x880c479,0x880c4ba,0x880c4fb,0x0
Dead Peer,0x0,0x0,0x7b,0x0,0x6a,0x1,0x1,0x0,10,0,0,0,0,0,25,0,60,25,25,25,25,25,25,1,10,0,0,0,0,10,0,0,0,0,0,0,0,0x0,NoRank,NoRank,NoRank,NoRank,NoRank,NoRank,NoRank,NoRank,0x0,0x880ba51,0x880bea2,0x880c2b2,0x880c479,0x880c4ba,0x880c4fb,0x0
Cyclops,0x2f8,0x344,0x7c,0x9,0x4b,0x0,0x9f,0x0,40,8,5,6,13,0,16,5,80,25,25,25,25,25,25,3,95,30,35,25,24,25,10,0,0,0,0,0,0,IsPromoted,NoRank,NoRank,SRank,NoRank,NoRank,NoRank,NoRank,NoRank,0x0,0x880b8cb,0x880bd1c,0x880c12c,0x880c479,0x880c4ba,0x880c4fb,MonsterType
Elder Bael,0x2f7,0x343,0x7d,0x58,0x4a,0x0,0x9e,0x0,36,8,5,5,9,4,15,5,80,25,25,25,25,25,25,3,85,45,25,20,21,17,10,0,0,0,0,0,0,UseMonsterWeapons|IsPromoted,NoRank,NoRank,NoRank,NoRank,NoRank,NoRank,NoRank,NoRank,0x0,0x880b94d,0x880bd9e,0x880c1ae,0x880c479,0x880c4ba,0x880c4fb,MonsterType
Journeyman (2),0x2d8,0x324,0x7e,0x38,0x2d,0x0,0x74,0x27,20,5,3,4,2,1,8,5,60,25,25,25,25,25,25,3,85,55,40,32,18,20,40,2,0,2,0,2,2,0x0,NoRank,NoRank,DRank,NoRank,NoRank,NoRank,NoRank,NoRank,0x0,0x880b8cb,0x880bd1c,0x880c12c,0x880c479,0x880c4ba,0x880c4fb,0x0
Pupil (2),0x2d9,0x325,0x7f,0x39,0x2e,0x0,0x7c,0x29,17,2,3,3,3,3,5,5,60,25,25,25,25,25,25,3,55,55,40,35,10,30,40,2,1,1,0,2,2,0x0,NoRank,NoRank,NoRank,NoRank,NoRank,DRank,NoRank,NoRank,0x0,0x880ba10,0x880be61,0x880c271,0x880c479,0x880c4ba,0x880c4fb,0x0
